public_id	dataset	instances	person	helmet	vest	small	medium	large	validation_fold
itppe_000001	itppe	29	10	11	8	23	6	0	1
itppe_000002	itppe	31	11	10	10	24	7	0	1
itppe_000003	itppe	30	11	10	9	23	7	0	4
itppe_000004	itppe	37	13	12	12	30	7	0	2
itppe_000005	itppe	34	12	10	12	29	5	0	4
itppe_000006	itppe	37	13	11	13	33	4	0	2
itppe_000007	itppe	38	14	13	11	36	2	0	2
itppe_000008	itppe	39	14	11	14	34	5	0	1
itppe_000009	itppe	38	13	12	13	34	4	0	4
itppe_000010	itppe	36	13	12	11	32	4	0	3
itppe_000011	itppe	35	12	11	12	29	6	0	3
itppe_000012	itppe	33	11	12	10	29	4	0	5
itppe_000013	itppe	32	11	11	10	27	5	0	1
itppe_000014	itppe	37	13	12	12	34	3	0	5
itppe_000015	itppe	36	13	12	11	32	4	0	1
itppe_000016	itppe	34	11	13	10	32	2	0	3
itppe_000017	itppe	33	11	12	10	30	3	0	1
itppe_000018	itppe	36	13	11	12	33	3	0	1
itppe_000019	itppe	36	13	13	10	32	4	0	4
itppe_000020	itppe	34	12	11	11	30	4	0	5
itppe_000021	itppe	35	13	10	12	28	7	0	2
itppe_000022	itppe	35	13	11	11	30	5	0	5
itppe_000023	itppe	30	11	11	8	24	6	0	4
itppe_000024	itppe	33	12	11	10	26	7	0	5
itppe_000025	itppe	35	12	12	11	30	5	0	1
itppe_000026	itppe	30	11	11	8	26	4	0	5
itppe_000027	itppe	41	15	15	11	35	6	0	4
itppe_000028	itppe	41	14	14	13	31	10	0	5
itppe_000029	itppe	43	14	16	13	34	9	0	3
itppe_000030	itppe	43	15	15	13	34	9	0	1
itppe_000031	itppe	45	16	16	13	37	8	0	5
itppe_000032	itppe	38	13	14	11	32	6	0	3
itppe_000033	itppe	37	13	13	11	30	7	0	4
itppe_000034	itppe	34	12	12	10	29	5	0	2
itppe_000035	itppe	30	10	11	9	23	7	0	5
itppe_000036	itppe	28	10	10	8	22	6	0	2
itppe_000037	itppe	27	9	9	9	21	6	0	3
itppe_000038	itppe	33	11	11	11	28	5	0	3
itppe_000039	itppe	32	11	11	10	27	5	0	4
itppe_000040	itppe	32	11	10	11	26	6	0	5
itppe_000041	itppe	24	8	9	7	20	4	0	2
itppe_000042	itppe	22	8	8	6	19	3	0	3
itppe_000043	itppe	30	10	10	10	24	6	0	1
itppe_000044	itppe	27	10	9	8	21	6	0	4
itppe_000045	itppe	24	8	8	8	19	5	0	3
itppe_000046	itppe	22	8	8	6	16	6	0	3
itppe_000047	itppe	22	8	7	7	17	5	0	5
itppe_000048	itppe	18	5	7	6	14	4	0	4
itppe_000049	itppe	24	9	8	7	21	3	0	4
itppe_000050	itppe	23	8	8	7	20	3	0	2
itppe_000051	itppe	24	8	9	7	20	4	0	1
itppe_000052	itppe	30	9	12	9	24	6	0	3
itppe_000053	itppe	31	11	10	10	24	7	0	4
itppe_000054	itppe	24	8	8	8	21	3	0	5
itppe_000055	itppe	25	8	10	7	21	4	0	4
itppe_000056	itppe	22	8	8	6	19	3	0	4
itppe_000057	itppe	25	9	9	7	21	4	0	3
itppe_000058	itppe	29	10	10	9	23	6	0	5
itppe_000059	itppe	31	10	11	10	26	5	0	3
itppe_000060	itppe	32	11	11	10	26	6	0	2
itppe_000061	itppe	29	10	11	8	24	5	0	3
itppe_000062	itppe	32	11	11	10	24	8	0	2
itppe_000063	itppe	30	11	11	8	25	5	0	2
itppe_000064	itppe	26	9	9	8	21	5	0	1
itppe_000065	itppe	25	9	10	6	19	6	0	4
itppe_000066	itppe	31	10	11	10	26	5	0	1
itppe_000067	itppe	23	8	8	7	18	5	0	3
itppe_000068	itppe	24	8	8	8	20	4	0	3
itppe_000069	itppe	23	8	9	6	19	4	0	1
itppe_000070	itppe	19	6	8	5	16	3	0	4
itppe_000071	itppe	20	7	7	6	17	3	0	5
itppe_000072	itppe	22	7	9	6	20	2	0	5
itppe_000073	itppe	20	7	8	5	17	3	0	1
itppe_000074	itppe	19	7	7	5	16	3	0	3
itppe_000075	itppe	20	7	7	6	16	4	0	4
itppe_000076	itppe	21	8	7	6	17	4	0	4
itppe_000077	itppe	22	7	8	7	17	5	0	4
itppe_000078	itppe	23	8	8	7	16	7	0	1
itppe_000079	itppe	26	8	10	8	20	6	0	2
itppe_000080	itppe	27	9	9	9	21	6	0	2
itppe_000081	itppe	26	8	9	9	19	7	0	1
itppe_000082	itppe	27	9	9	9	21	6	0	1
itppe_000083	itppe	25	9	9	7	18	7	0	5
itppe_000084	itppe	23	8	8	7	18	5	0	1
itppe_000085	itppe	25	9	9	7	19	6	0	1
itppe_000086	itppe	26	9	9	8	22	4	0	3
itppe_000087	itppe	23	9	9	5	18	5	0	2
itppe_000088	itppe	24	9	9	6	17	7	0	4
itppe_000089	itppe	29	10	10	9	22	7	0	4
itppe_000090	itppe	19	7	6	6	14	5	0	4
itppe_000091	itppe	23	8	7	8	18	5	0	5
itppe_000092	itppe	22	7	7	8	16	6	0	2
itppe_000093	itppe	27	9	9	9	20	7	0	2
itppe_000094	itppe	25	9	8	8	19	6	0	5
itppe_000095	itppe	20	8	6	6	15	5	0	5
itppe_000096	itppe	19	7	6	6	14	5	0	2
itppe_000097	itppe	28	9	10	9	19	9	0	1
itppe_000098	itppe	28	9	10	9	19	9	0	5
itppe_000099	itppe	29	10	9	10	20	9	0	1
itppe_000100	itppe	24	8	8	8	21	3	0	3
itppe_000101	itppe	21	7	7	7	17	4	0	5
itppe_000102	itppe	21	7	7	7	17	4	0	1
itppe_000103	itppe	27	8	10	9	22	5	0	5
itppe_000104	itppe	33	11	11	11	21	12	0	5
itppe_000105	itppe	27	11	7	9	19	8	0	5
itppe_000106	itppe	30	11	10	9	23	7	0	2
itppe_000107	itppe	27	9	9	9	20	7	0	4
itppe_000108	itppe	27	10	9	8	24	3	0	3
itppe_000109	itppe	29	10	10	9	23	6	0	2
itppe_000110	itppe	25	9	9	7	20	5	0	2
itppe_000151	itppe	21	9	7	5	12	9	0	5
itppe_000152	itppe	20	8	7	5	12	8	0	5
itppe_000153	itppe	21	9	7	5	12	9	0	2
itppe_000154	itppe	21	9	7	5	12	9	0	3
itppe_000155	itppe	21	9	7	5	13	8	0	2
itppe_000156	itppe	19	8	6	5	10	9	0	3
itppe_000157	itppe	19	8	6	5	10	9	0	4
itppe_000158	itppe	16	6	5	5	9	7	0	1
itppe_000159	itppe	18	7	6	5	9	8	1	4
itppe_000160	itppe	19	7	7	5	11	7	1	5
itppe_000161	itppe	16	6	6	4	10	5	1	5
itppe_000162	itppe	14	5	5	4	5	9	0	5
itppe_000163	itppe	14	5	5	4	6	8	0	4
itppe_000164	itppe	16	6	6	4	5	10	1	3
itppe_000165	itppe	16	6	6	4	6	10	0	5
itppe_000166	itppe	15	6	5	4	7	8	0	1
itppe_000167	itppe	16	6	6	4	7	8	1	3
itppe_000168	itppe	15	5	6	4	6	8	1	3
itppe_000169	itppe	14	5	5	4	6	8	0	1
itppe_000170	itppe	13	5	4	4	9	4	0	2
itppe_000171	itppe	20	9	7	4	14	6	0	1
itppe_000172	itppe	26	11	9	6	17	9	0	4
itppe_000173	itppe	26	11	9	6	18	8	0	2
itppe_000174	itppe	25	10	9	6	15	10	0	2
itppe_000175	itppe	22	8	8	6	15	7	0	2
itppe_000176	itppe	14	6	5	3	10	4	0	2
itppe_000177	itppe	15	6	5	4	11	4	0	3
itppe_000178	itppe	15	6	5	4	11	4	0	1
itppe_000179	itppe	13	5	4	4	9	4	0	4
itppe_000180	itppe	11	4	4	3	7	4	0	3
itppe_000181	itppe	6	2	2	2	4	2	0	5
itppe_000182	itppe	6	2	2	2	3	3	0	2
itppe_000183	itppe	12	6	4	2	6	6	0	4
itppe_000184	itppe	10	5	3	2	6	4	0	4
itppe_000185	itppe	15	6	5	4	10	5	0	5
itppe_000186	itppe	17	7	6	4	11	6	0	5
itppe_000187	itppe	16	7	5	4	11	5	0	3
itppe_000188	itppe	10	4	4	2	6	4	0	2
itppe_000189	itppe	8	3	3	2	5	3	0	4
itppe_000190	itppe	3	1	1	1	2	1	0	5
itppe_000191	itppe	5	2	2	1	3	2	0	4
itppe_000192	itppe	6	2	2	2	3	3	0	2
itppe_000193	itppe	13	6	5	2	5	8	0	2
itppe_000194	itppe	17	7	6	4	9	8	0	2
itppe_000195	itppe	13	6	4	3	7	6	0	3
itppe_000196	itppe	16	6	6	4	9	7	0	2
itppe_000197	itppe	12	4	4	4	8	4	0	2
itppe_000198	itppe	15	5	5	5	5	9	1	5
itppe_000199	itppe	19	7	6	6	7	12	0	1
itppe_000200	itppe	20	8	7	5	16	4	0	3
itppe_000201	itppe	19	7	7	5	14	5	0	1
itppe_000202	itppe	19	7	7	5	12	7	0	1
itppe_000203	itppe	19	7	7	5	12	7	0	3
itppe_000204	itppe	19	7	7	5	11	8	0	1
itppe_000205	itppe	18	6	7	5	11	7	0	2
itppe_000206	itppe	22	9	8	5	15	7	0	3
itppe_000207	itppe	13	0	8	5	12	1	0	4
itppe_000208	itppe	19	7	7	5	11	8	0	2
itppe_000209	itppe	16	6	6	4	10	6	0	4
itppe_000210	itppe	2	2	0	0	1	1	0	4
itppe_000211	itppe	2	2	0	0	0	2	0	4
itppe_000212	itppe	2	2	0	0	1	1	0	1
itppe_000213	itppe	1	1	0	0	1	0	0	5
itppe_000214	itppe	1	1	0	0	1	0	0	3
itppe_000215	itppe	1	1	0	0	1	0	0	1
itppe_000216	itppe	1	1	0	0	1	0	0	4
itppe_000217	itppe	1	1	0	0	1	0	0	3
itppe_000218	itppe	1	1	0	0	1	0	0	2
itppe_000219	itppe	1	1	0	0	0	1	0	5
itppe_000220	itppe	1	1	0	0	1	0	0	3
itppe_000221	itppe	1	1	0	0	1	0	0	4
itppe_000222	itppe	2	2	0	0	1	0	1	3
itppe_000223	itppe	1	1	0	0	0	1	0	1
itppe_000224	itppe	1	1	0	0	1	0	0	3
itppe_000225	itppe	2	2	0	0	1	1	0	1
itppe_000226	itppe	1	1	0	0	0	0	1	2
itppe_000227	itppe	1	1	0	0	0	1	0	1
itppe_000228	itppe	1	1	0	0	0	1	0	1
itppe_000229	itppe	1	1	0	0	0	1	0	2
itppe_000230	itppe	1	1	0	0	0	1	0	4
itppe_000231	itppe	1	1	0	0	1	0	0	1
itppe_000232	itppe	2	2	0	0	2	0	0	4
itppe_000233	itppe	2	2	0	0	2	0	0	3
itppe_000234	itppe	1	1	0	0	1	0	0	5
itppe_000235	itppe	1	1	0	0	0	1	0	5
itppe_000236	itppe	1	1	0	0	0	1	0	4
itppe_000237	itppe	1	1	0	0	0	1	0	2
itppe_000238	itppe	2	2	0	0	1	0	1	3
itppe_000239	itppe	1	1	0	0	1	0	0	4
itppe_000240	itppe	1	1	0	0	1	0	0	2
itppe_000241	itppe	2	2	0	0	2	0	0	5
itppe_000242	itppe	2	2	0	0	1	1	0	2
itppe_000243	itppe	2	2	0	0	0	2	0	5
itppe_000244	itppe	3	3	0	0	0	3	0	4
itppe_000245	itppe	3	3	0	0	0	3	0	5
itppe_000246	itppe	2	2	0	0	0	2	0	1
itppe_000247	itppe	1	1	0	0	1	0	0	5
itppe_000248	itppe	2	2	0	0	1	1	0	5
itppe_000249	itppe	2	2	0	0	1	1	0	4
itppe_000250	itppe	1	1	0	0	0	1	0	2
itppe_000251	itppe	1	1	0	0	0	1	0	3
itppe_000252	itppe	1	1	0	0	0	1	0	4
itppe_000253	itppe	1	1	0	0	1	0	0	2
itppe_000254	itppe	1	1	0	0	1	0	0	2
itppe_000255	itppe	1	1	0	0	1	0	0	1
itppe_000256	itppe	7	7	0	0	7	0	0	3
itppe_000257	itppe	6	6	0	0	4	2	0	5
itppe_000258	itppe	6	6	0	0	5	1	0	4
itppe_000259	itppe	4	4	0	0	3	1	0	3
itppe_000260	itppe	4	4	0	0	3	1	0	1
itppe_000261	itppe	6	6	0	0	5	1	0	3
itppe_000262	itppe	6	6	0	0	5	1	0	5
itppe_000263	itppe	4	4	0	0	4	0	0	3
itppe_000264	itppe	3	3	0	0	3	0	0	5
itppe_000265	itppe	4	4	0	0	4	0	0	1
itppe_000266	itppe	3	3	0	0	3	0	0	2
itppe_000267	itppe	2	2	0	0	2	0	0	1
itppe_000268	itppe	4	4	0	0	4	0	0	5
itppe_000269	itppe	3	3	0	0	3	0	0	4
itppe_000270	itppe	7	7	0	0	7	0	0	5
itppe_000271	itppe	6	6	0	0	6	0	0	3
itppe_000272	itppe	6	6	0	0	4	2	0	3
itppe_000273	itppe	6	6	0	0	4	2	0	1
itppe_000274	itppe	4	4	0	0	4	0	0	2
itppe_000275	itppe	5	5	0	0	4	1	0	4
itppe_000276	itppe	6	6	0	0	6	0	0	4
itppe_000277	itppe	2	2	0	0	2	0	0	2
itppe_000278	itppe	3	3	0	0	2	1	0	3
itppe_000279	itppe	6	3	3	0	3	3	0	5
itppe_000280	itppe	8	4	4	0	4	4	0	5
itppe_000281	itppe	8	4	4	0	4	4	0	2
itppe_000282	itppe	6	3	3	0	3	3	0	5
itppe_000283	itppe	8	4	4	0	4	4	0	1
itppe_000284	itppe	7	4	3	0	3	4	0	5
itppe_000285	itppe	6	3	3	0	3	3	0	3
itppe_000286	itppe	8	4	4	0	4	4	0	1
itppe_000287	itppe	8	4	4	0	4	4	0	5
itppe_000288	itppe	7	4	3	0	3	4	0	4
itppe_000289	itppe	8	4	4	0	4	4	0	2
itppe_000290	itppe	8	4	4	0	4	4	0	4
itppe_000291	itppe	8	4	4	0	4	4	0	5
itppe_000292	itppe	9	5	4	0	4	5	0	2
itppe_000293	itppe	10	5	5	0	5	5	0	4
itppe_000294	itppe	8	4	4	0	4	4	0	1
itppe_000295	itppe	10	5	5	0	5	5	0	3
itppe_000296	itppe	10	5	5	0	5	5	0	1
itppe_000297	itppe	9	5	4	0	4	5	0	5
itppe_000298	itppe	9	5	4	0	4	5	0	4
itppe_000299	itppe	10	5	5	0	5	5	0	5
itppe_000300	itppe	9	5	4	0	4	5	0	4
itppe_000301	itppe	6	3	3	0	1	2	3	4
itppe_000302	itppe	5	3	2	0	0	2	3	5
itppe_000303	itppe	3	2	1	0	0	1	2	3
itppe_000304	itppe	3	2	1	0	0	1	2	2
itppe_000305	itppe	7	4	3	0	3	3	1	2
itppe_000306	itppe	7	4	3	0	3	2	2	5
itppe_000307	itppe	7	3	4	0	2	5	0	5
itppe_000308	itppe	7	3	4	0	2	4	1	3
itppe_000309	itppe	9	5	4	0	3	5	1	4
itppe_000310	itppe	5	2	3	0	2	3	0	5
itppe_000311	itppe	4	2	2	0	2	2	0	1
itppe_000312	itppe	7	4	3	0	3	4	0	5
itppe_000313	itppe	4	2	2	0	2	2	0	1
itppe_000314	itppe	7	3	4	0	3	3	1	2
itppe_000315	itppe	6	3	3	0	2	3	1	5
itppe_000316	itppe	7	4	3	0	2	3	2	4
itppe_000317	itppe	7	4	3	0	2	3	2	2
itppe_000318	itppe	6	3	3	0	2	3	1	5
itppe_000319	itppe	6	3	3	0	2	3	1	2
itppe_000320	itppe	8	4	4	0	3	4	1	2
itppe_000321	itppe	8	4	4	0	3	4	1	4
itppe_000322	itppe	6	3	3	0	2	3	1	3
itppe_000323	itppe	7	4	3	0	2	4	1	1
itppe_000324	itppe	7	4	3	0	2	4	1	4
itppe_000325	itppe	1	0	1	0	1	0	0	5
itppe_000326	itppe	9	5	4	0	3	6	0	2
itppe_000327	itppe	4	0	4	0	2	2	0	3
itppe_000328	itppe	10	5	5	0	4	5	1	2
itppe_000329	itppe	10	5	5	0	4	5	1	3
itppe_000330	itppe	9	4	5	0	4	5	0	1
itppe_000331	itppe	10	5	5	0	4	6	0	3
itppe_000332	itppe	9	4	5	0	4	5	0	3
itppe_000333	itppe	9	4	5	0	4	5	0	1
itppe_000334	itppe	11	6	5	0	4	6	1	3
itppe_000335	itppe	11	6	5	0	4	6	1	4
itppe_000336	itppe	11	6	5	0	4	6	1	5
itppe_000337	itppe	8	4	4	0	3	4	1	3
itppe_000338	itppe	7	4	3	0	2	4	1	1
itppe_000339	itppe	8	5	3	0	2	5	1	2
itppe_000340	itppe	7	4	3	0	2	4	1	3
itppe_000341	itppe	10	5	5	0	4	5	1	1
itppe_000342	itppe	10	5	5	0	4	5	1	4
itppe_000343	itppe	4	2	2	0	2	2	0	2
itppe_000344	itppe	8	4	4	0	4	4	0	4
itppe_000345	itppe	8	4	4	0	4	4	0	4
itppe_000346	itppe	4	1	3	0	2	2	0	3
itppe_000347	itppe	5	2	3	0	2	2	1	1
itppe_000348	itppe	8	4	4	0	4	3	1	2
itppe_000349	itppe	7	4	3	0	2	4	1	2
itppe_000350	itppe	7	3	4	0	3	3	1	1
itppe_000351	itppe	7	3	4	0	4	3	0	4
itppe_000352	itppe	6	3	3	0	3	3	0	3
itppe_000353	itppe	8	4	4	0	4	4	0	5
itppe_000354	itppe	7	3	4	0	4	3	0	3
itppe_000355	itppe	9	5	4	0	4	5	0	5
itppe_000356	itppe	10	6	4	0	4	5	1	5
itppe_000357	itppe	10	6	4	0	4	4	2	2
itppe_000358	itppe	11	6	5	0	4	6	1	5
itppe_000359	itppe	10	5	5	0	4	5	1	1
itppe_000360	itppe	9	5	4	0	3	5	1	3
itppe_000361	itppe	10	6	4	0	3	5	2	2
itppe_000362	itppe	10	5	5	0	4	5	1	3
itppe_000363	itppe	10	5	5	0	4	5	1	4
itppe_000364	itppe	10	5	5	0	4	5	1	2
itppe_000365	itppe	8	4	4	0	3	4	1	1
itppe_000366	itppe	8	4	4	0	3	4	1	5
itppe_000367	itppe	10	5	5	0	5	4	1	2
itppe_000368	itppe	6	3	3	0	2	3	1	4
itppe_000369	itppe	4	2	2	0	1	2	1	3
itppe_000370	itppe	6	3	3	0	3	2	1	5
itppe_000371	itppe	6	3	3	0	3	2	1	2
itppe_000372	itppe	5	3	2	0	2	2	1	2
itppe_000373	itppe	6	3	3	0	3	2	1	1
itppe_000374	itppe	6	3	3	0	3	2	1	5
itppe_000375	itppe	5	3	2	0	2	2	1	4
itppe_000376	itppe	6	3	3	0	3	2	1	5
itppe_000377	itppe	6	3	3	0	3	2	1	2
itppe_000378	itppe	6	3	3	0	3	2	1	4
itppe_000379	itppe	6	3	3	0	3	2	1	4
itppe_000380	itppe	6	3	3	0	3	2	1	1
itppe_000381	itppe	6	3	3	0	3	2	1	2
itppe_000382	itppe	4	2	2	0	2	2	0	2
itppe_000383	itppe	4	2	2	0	2	2	0	3
itppe_000384	itppe	4	2	2	0	2	2	0	5
itppe_000385	itppe	4	2	2	0	2	2	0	4
itppe_000386	itppe	5	3	2	0	2	3	0	4
itppe_000387	itppe	6	3	3	0	3	3	0	3
itppe_000388	itppe	6	3	3	0	2	2	2	3
itppe_000389	itppe	6	3	2	1	2	2	2	1
itppe_000390	itppe	8	4	3	1	3	2	3	1
itppe_000391	itppe	9	4	4	1	3	3	3	5
itppe_000392	itppe	8	4	3	1	3	3	2	2
itppe_000393	itppe	6	3	3	0	2	3	1	4
itppe_000394	itppe	6	3	3	0	3	2	1	2
itppe_000395	itppe	6	3	3	0	3	2	1	3
itppe_000396	itppe	6	3	3	0	3	2	1	3
itppe_000397	itppe	6	3	3	0	3	2	1	2
itppe_000398	itppe	6	3	3	0	3	2	1	4
itppe_000399	itppe	7	4	3	0	3	3	1	4
itppe_000400	itppe	4	2	2	0	1	2	1	2
itppe_000401	itppe	6	3	3	0	3	2	1	4
itppe_000402	itppe	8	4	4	0	3	4	1	1
itppe_000403	itppe	8	4	4	0	4	3	1	3
itppe_000404	itppe	5	3	2	0	2	2	1	2
itppe_000405	itppe	6	3	3	0	3	2	1	4
itppe_000406	itppe	6	3	3	0	3	2	1	4
itppe_000407	itppe	6	3	3	0	3	3	0	1
itppe_000408	itppe	6	3	3	0	3	2	1	3
itppe_000409	itppe	7	4	3	0	3	3	1	3
itppe_000410	itppe	6	3	3	0	3	2	1	5
itppe_000411	itppe	8	4	4	0	4	3	1	1
itppe_000412	itppe	8	4	4	0	4	3	1	3
itppe_000413	itppe	8	4	4	0	4	3	1	3
itppe_000414	itppe	6	3	3	0	3	2	1	2
itppe_000415	itppe	6	3	3	0	3	3	0	3
itppe_000416	itppe	6	3	3	0	3	3	0	1
itppe_000417	itppe	6	3	3	0	3	3	0	5
itppe_000418	itppe	6	3	3	0	3	3	0	4
itppe_000419	itppe	8	4	4	0	4	3	1	2
itppe_000420	itppe	6	3	3	0	3	3	0	1
itppe_000421	itppe	6	3	3	0	3	3	0	1
itppe_000422	itppe	7	4	3	0	3	4	0	5
itppe_000423	itppe	9	4	5	0	5	4	0	1
itppe_000424	itppe	8	4	4	0	4	4	0	3
itppe_000425	itppe	10	5	5	0	6	4	0	1
itppe_000426	itppe	6	3	3	0	3	3	0	1
itppe_000427	itppe	6	2	4	0	3	3	0	2
itppe_000428	itppe	6	3	3	0	3	3	0	3
itppe_000429	itppe	6	3	3	0	3	2	1	5
itppe_000430	itppe	2	1	1	0	1	0	1	2
itppe_000431	itppe	2	1	1	0	1	0	1	5
itppe_000432	itppe	6	3	3	0	3	2	1	1
itppe_000433	itppe	5	3	2	0	2	2	1	5
itppe_000434	itppe	5	3	2	0	2	2	1	3
itppe_000435	itppe	6	3	3	0	3	2	1	4
itppe_000436	itppe	5	3	2	0	2	2	1	3
itppe_000437	itppe	7	4	3	0	3	3	1	3
itppe_000438	itppe	7	4	3	0	3	3	1	2
itppe_000439	itppe	6	4	2	0	2	4	0	2
itppe_000440	itppe	6	4	2	0	2	4	0	5
itppe_000441	itppe	7	4	3	0	3	3	1	2
itppe_000442	itppe	7	4	3	0	3	3	1	1
itppe_000443	itppe	7	4	3	0	3	3	1	4
itppe_000444	itppe	7	4	3	0	3	3	1	3
itppe_000445	itppe	7	4	3	0	3	3	1	4
itppe_000446	itppe	7	4	3	0	3	3	1	1
itppe_000447	itppe	7	4	3	0	3	3	1	3
itppe_000448	itppe	7	4	3	0	3	3	1	1
itppe_000449	itppe	3	2	1	0	1	2	0	4
itppe_000450	itppe	9	4	3	2	4	4	1	1
itppe_000451	itppe	15	6	5	4	6	7	2	1
itppe_000452	itppe	12	5	4	3	4	7	1	5
itppe_000453	itppe	7	3	2	2	3	3	1	1
itppe_000454	itppe	15	6	5	4	6	8	1	4
itppe_000455	itppe	14	6	4	4	5	9	0	1
itppe_000456	itppe	9	4	5	0	4	5	0	2
itppe_000457	itppe	6	3	3	0	2	4	0	1
itppe_000458	itppe	5	3	2	0	2	3	0	5
itppe_000459	itppe	6	3	2	1	1	5	0	1
itppe_000460	itppe	5	4	1	0	1	4	0	4
itppe_000461	itppe	4	3	1	0	1	3	0	1
itppe_000462	itppe	3	2	1	0	0	3	0	1
itppe_000463	itppe	8	4	3	1	3	5	0	5
itppe_000464	itppe	5	5	0	0	0	3	2	3
itppe_000465	itppe	5	5	0	0	0	3	2	4
itppe_000466	itppe	6	6	0	0	0	5	1	3
itppe_000467	itppe	6	6	0	0	0	5	1	2
itppe_000468	itppe	6	6	0	0	0	4	2	4
itppe_000469	itppe	6	6	0	0	0	5	1	1
itppe_000470	itppe	6	6	0	0	0	5	1	2
itppe_000471	itppe	6	6	0	0	0	3	3	5
itppe_000472	itppe	6	6	0	0	0	4	2	1
itppe_000473	itppe	6	6	0	0	0	5	1	5
itppe_000474	itppe	6	6	0	0	0	4	2	4
itppe_000475	itppe	6	6	0	0	0	5	1	1
itppe_000476	itppe	6	6	0	0	0	5	1	3
itppe_000477	itppe	6	6	0	0	0	4	2	2
itppe_000478	itppe	5	5	0	0	0	4	1	1
itppe_000479	itppe	6	6	0	0	0	5	1	5
itppe_000480	itppe	5	5	0	0	0	4	1	4
itppe_000481	itppe	4	4	0	0	0	2	2	1
itppe_000482	itppe	4	4	0	0	0	3	1	2
itppe_000483	itppe	5	5	0	0	0	3	2	2
itppe_000484	itppe	5	5	0	0	0	4	1	5
itppe_000485	itppe	5	5	0	0	0	4	1	5
itppe_000486	itppe	5	5	0	0	0	3	2	4
itppe_000487	itppe	5	5	0	0	0	4	1	3
itppe_000488	itppe	5	5	0	0	0	3	2	2
itppe_000489	itppe	5	5	0	0	0	4	1	1
itppe_000490	itppe	1	1	0	0	0	1	0	4
itppe_000491	itppe	1	1	0	0	0	1	0	5
itppe_000492	itppe	1	1	0	0	0	1	0	3
itppe_000493	itppe	1	1	0	0	0	1	0	3
itppe_000494	itppe	1	1	0	0	0	1	0	1
rf100_v2_000001	rf100_v2	7	3	3	1	0	3	4	1
rf100_v2_000002	rf100_v2	6	2	2	2	0	3	3	1
rf100_v2_000003	rf100_v2	3	1	1	1	0	1	2	5
rf100_v2_000004	rf100_v2	3	1	1	1	0	0	3	3
rf100_v2_000005	rf100_v2	2	1	1	0	0	0	2	4
rf100_v2_000006	rf100_v2	2	1	1	0	0	0	2	2
rf100_v2_000007	rf100_v2	4	2	2	0	1	2	1	5
rf100_v2_000008	rf100_v2	3	1	1	1	0	1	2	3
rf100_v2_000009	rf100_v2	2	1	1	0	0	0	2	4
rf100_v2_000010	rf100_v2	19	7	7	5	0	8	11	3
rf100_v2_000011	rf100_v2	3	1	1	1	0	0	3	3
rf100_v2_000012	rf100_v2	4	2	2	0	0	2	2	2
rf100_v2_000013	rf100_v2	4	2	2	0	0	1	3	5
rf100_v2_000014	rf100_v2	3	1	1	1	0	0	3	2
rf100_v2_000015	rf100_v2	2	1	1	0	0	1	1	3
rf100_v2_000016	rf100_v2	17	6	6	5	0	5	12	2
rf100_v2_000017	rf100_v2	12	4	4	4	2	5	5	2
rf100_v2_000018	rf100_v2	3	1	1	1	0	1	2	3
rf100_v2_000019	rf100_v2	9	3	3	3	0	0	9	2
rf100_v2_000020	rf100_v2	4	2	2	0	0	0	4	5
rf100_v2_000021	rf100_v2	3	1	1	1	0	0	3	5
rf100_v2_000022	rf100_v2	2	1	1	0	0	1	1	2
rf100_v2_000023	rf100_v2	3	1	1	1	0	0	3	3
rf100_v2_000024	rf100_v2	14	5	5	4	0	4	10	3
rf100_v2_000025	rf100_v2	27	9	9	9	7	11	9	4
rf100_v2_000026	rf100_v2	4	2	1	1	0	0	4	3
rf100_v2_000027	rf100_v2	9	5	2	2	6	3	0	1
rf100_v2_000028	rf100_v2	2	1	1	0	0	0	2	1
rf100_v2_000029	rf100_v2	2	1	1	0	0	0	2	5
rf100_v2_000030	rf100_v2	3	3	0	0	0	0	3	2
rf100_v2_000031	rf100_v2	5	2	2	1	0	0	5	5
rf100_v2_000032	rf100_v2	4	2	2	0	0	0	4	3
rf100_v2_000033	rf100_v2	2	1	1	0	0	0	2	5
rf100_v2_000034	rf100_v2	2	1	1	0	0	0	2	4
rf100_v2_000035	rf100_v2	26	8	9	9	8	15	3	1
rf100_v2_000036	rf100_v2	6	2	2	2	0	2	4	4
rf100_v2_000037	rf100_v2	3	1	1	1	0	1	2	1
rf100_v2_000038	rf100_v2	3	1	1	1	0	2	1	1
rf100_v2_000039	rf100_v2	6	2	2	2	0	4	2	3
rf100_v2_000040	rf100_v2	3	1	1	1	0	0	3	3
rf100_v2_000041	rf100_v2	2	1	1	0	0	1	1	4
rf100_v2_000042	rf100_v2	2	1	1	0	0	1	1	4
rf100_v2_000043	rf100_v2	9	3	3	3	0	3	6	5
rf100_v2_000044	rf100_v2	4	2	2	0	0	0	4	3
rf100_v2_000045	rf100_v2	2	1	1	0	0	1	1	1
rf100_v2_000046	rf100_v2	2	1	1	0	0	0	2	1
rf100_v2_000047	rf100_v2	8	3	2	3	0	1	7	2
rf100_v2_000048	rf100_v2	3	1	1	1	0	0	3	4
rf100_v2_000049	rf100_v2	2	1	1	0	0	0	2	5
rf100_v2_000050	rf100_v2	11	4	3	4	1	7	3	3
rf100_v2_000051	rf100_v2	2	1	1	0	0	0	2	4
rf100_v2_000052	rf100_v2	9	3	3	3	0	3	6	2
rf100_v2_000053	rf100_v2	3	1	1	1	0	0	3	1
rf100_v2_000054	rf100_v2	2	1	1	0	0	0	2	2
rf100_v2_000055	rf100_v2	6	3	3	0	2	3	1	3
rf100_v2_000056	rf100_v2	3	1	1	1	0	0	3	3
rf100_v2_000057	rf100_v2	12	4	4	4	2	5	5	4
rf100_v2_000058	rf100_v2	2	1	1	0	0	1	1	2
rf100_v2_000059	rf100_v2	5	2	2	1	0	2	3	3
rf100_v2_000060	rf100_v2	3	1	1	1	0	1	2	2
rf100_v2_000061	rf100_v2	3	1	1	1	0	0	3	5
rf100_v2_000062	rf100_v2	2	2	0	0	0	0	2	1
rf100_v2_000063	rf100_v2	9	3	3	3	0	4	5	2
rf100_v2_000064	rf100_v2	3	1	1	1	0	0	3	1
rf100_v2_000065	rf100_v2	2	1	1	0	0	0	2	4
rf100_v2_000066	rf100_v2	2	1	1	0	0	0	2	1
rf100_v2_000067	rf100_v2	2	1	1	0	0	0	2	4
rf100_v2_000068	rf100_v2	3	1	1	1	0	1	2	1
rf100_v2_000069	rf100_v2	2	1	1	0	0	1	1	5
rf100_v2_000070	rf100_v2	6	2	2	2	5	1	0	2
rf100_v2_000071	rf100_v2	3	1	1	1	0	0	3	2
rf100_v2_000072	rf100_v2	18	7	6	5	5	9	4	5
rf100_v2_000073	rf100_v2	4	2	2	0	0	0	4	4
rf100_v2_000074	rf100_v2	10	3	6	1	3	6	1	1
rf100_v2_000075	rf100_v2	2	1	1	0	0	0	2	5
rf100_v2_000076	rf100_v2	3	1	1	1	0	0	3	5
rf100_v2_000077	rf100_v2	6	3	3	0	0	0	6	2
rf100_v2_000078	rf100_v2	2	1	1	0	0	0	2	4
rf100_v2_000079	rf100_v2	4	4	0	0	0	2	2	5
rf100_v2_000080	rf100_v2	2	1	1	0	0	0	2	4
rf100_v2_000081	rf100_v2	2	1	1	0	0	1	1	2
rf100_v2_000082	rf100_v2	3	1	1	1	0	2	1	3
rf100_v2_000083	rf100_v2	3	1	1	1	0	1	2	1
rf100_v2_000084	rf100_v2	3	1	1	1	0	1	2	5
rf100_v2_000085	rf100_v2	8	4	4	0	0	4	4	5
rf100_v2_000086	rf100_v2	3	1	1	1	0	0	3	4
rf100_v2_000087	rf100_v2	3	1	1	1	0	0	3	3
rf100_v2_000088	rf100_v2	2	1	1	0	0	0	2	3
rf100_v2_000089	rf100_v2	4	2	2	0	0	0	4	1
rf100_v2_000090	rf100_v2	2	1	1	0	0	1	1	4
rf100_v2_000091	rf100_v2	2	1	1	0	0	0	2	2
rf100_v2_000092	rf100_v2	8	4	4	0	0	4	4	2
rf100_v2_000093	rf100_v2	7	4	3	0	0	2	5	1
rf100_v2_000094	rf100_v2	24	11	12	1	13	11	0	2
rf100_v2_000095	rf100_v2	2	1	1	0	0	0	2	1
rf100_v2_000096	rf100_v2	12	4	4	4	0	3	9	3
rf100_v2_000097	rf100_v2	2	1	1	0	0	0	2	5
rf100_v2_000098	rf100_v2	3	1	1	1	0	1	2	1
rf100_v2_000099	rf100_v2	3	1	1	1	0	0	3	4
rf100_v2_000100	rf100_v2	3	1	1	1	0	0	3	5
rf100_v2_000101	rf100_v2	2	1	1	0	0	0	2	5
rf100_v2_000102	rf100_v2	3	1	1	1	0	0	3	3
rf100_v2_000103	rf100_v2	2	1	1	0	0	1	1	4
rf100_v2_000104	rf100_v2	4	2	1	1	0	1	3	3
rf100_v2_000105	rf100_v2	28	11	11	6	9	11	8	1
rf100_v2_000106	rf100_v2	19	6	7	6	6	10	3	1
rf100_v2_000107	rf100_v2	12	4	4	4	0	7	5	2
rf100_v2_000108	rf100_v2	2	1	1	0	0	1	1	2
rf100_v2_000109	rf100_v2	2	1	1	0	0	1	1	1
rf100_v2_000110	rf100_v2	6	2	2	2	0	2	4	2
rf100_v2_000111	rf100_v2	9	3	3	3	0	2	7	4
rf100_v2_000112	rf100_v2	6	2	2	2	0	1	5	2
rf100_v2_000113	rf100_v2	4	1	2	1	0	0	4	5
rf100_v2_000114	rf100_v2	4	2	1	1	0	0	4	4
rf100_v2_000115	rf100_v2	3	1	1	1	0	0	3	5
rf100_v2_000116	rf100_v2	10	5	5	0	0	5	5	3
rf100_v2_000117	rf100_v2	2	1	1	0	0	0	2	1
rf100_v2_000118	rf100_v2	3	1	1	1	0	0	3	2
rf100_v2_000119	rf100_v2	5	2	2	1	0	1	4	5
rf100_v2_000120	rf100_v2	1	0	1	0	0	0	1	3
rf100_v2_000121	rf100_v2	9	3	3	3	2	4	3	5
rf100_v2_000122	rf100_v2	2	1	1	0	0	0	2	2
rf100_v2_000123	rf100_v2	3	1	1	1	0	1	2	4
rf100_v2_000124	rf100_v2	9	3	3	3	0	2	7	3
rf100_v2_000125	rf100_v2	2	1	1	0	0	0	2	1
rf100_v2_000126	rf100_v2	6	2	2	2	0	0	6	1
rf100_v2_000127	rf100_v2	3	1	1	1	0	1	2	3
rf100_v2_000128	rf100_v2	2	1	1	0	0	0	2	5
rf100_v2_000129	rf100_v2	3	1	1	1	0	0	3	3
rf100_v2_000130	rf100_v2	21	7	7	7	6	13	2	2
rf100_v2_000131	rf100_v2	12	4	4	4	1	5	6	1
rf100_v2_000132	rf100_v2	21	7	7	7	8	13	0	2
rf100_v2_000133	rf100_v2	3	1	1	1	0	1	2	4
rf100_v2_000134	rf100_v2	2	1	1	0	0	0	2	3
rf100_v2_000135	rf100_v2	8	3	2	3	6	2	0	5
rf100_v2_000136	rf100_v2	3	1	1	1	0	1	2	2
rf100_v2_000137	rf100_v2	9	3	3	3	0	3	6	3
rf100_v2_000138	rf100_v2	2	1	1	0	0	0	2	5
rf100_v2_000139	rf100_v2	15	7	8	0	3	5	7	3
rf100_v2_000140	rf100_v2	9	3	3	3	0	3	6	1
rf100_v2_000141	rf100_v2	6	2	2	2	0	1	5	2
rf100_v2_000142	rf100_v2	2	1	1	0	0	0	2	1
rf100_v2_000143	rf100_v2	6	3	3	0	0	3	3	2
rf100_v2_000144	rf100_v2	3	1	1	1	0	1	2	4
rf100_v2_000145	rf100_v2	3	1	1	1	0	1	2	5
rf100_v2_000146	rf100_v2	26	10	9	7	10	11	5	2
rf100_v2_000147	rf100_v2	3	1	1	1	0	1	2	1
rf100_v2_000148	rf100_v2	2	1	1	0	0	1	1	4
rf100_v2_000149	rf100_v2	12	4	4	4	0	4	8	4
rf100_v2_000150	rf100_v2	2	1	1	0	0	1	1	5
rf100_v2_000151	rf100_v2	6	2	2	2	0	2	4	5
rf100_v2_000152	rf100_v2	3	1	1	1	0	0	3	2
rf100_v2_000153	rf100_v2	2	1	1	0	0	1	1	2
rf100_v2_000154	rf100_v2	3	1	1	1	0	1	2	4
rf100_v2_000155	rf100_v2	2	1	1	0	0	0	2	1
rf100_v2_000156	rf100_v2	18	6	7	5	4	6	8	2
rf100_v2_000157	rf100_v2	2	1	1	0	0	0	2	4
rf100_v2_000158	rf100_v2	4	2	1	1	1	1	2	3
rf100_v2_000159	rf100_v2	9	3	3	3	0	0	9	1
rf100_v2_000160	rf100_v2	14	6	3	5	7	5	2	1
rf100_v2_000161	rf100_v2	2	1	1	0	0	0	2	3
rf100_v2_000162	rf100_v2	4	2	2	0	0	0	4	2
rf100_v2_000163	rf100_v2	4	2	2	0	0	0	4	3
rf100_v2_000164	rf100_v2	2	1	1	0	0	0	2	1
rf100_v2_000165	rf100_v2	3	1	1	1	0	1	2	5
rf100_v2_000166	rf100_v2	12	6	6	0	0	6	6	3
rf100_v2_000167	rf100_v2	3	1	1	1	0	1	2	5
rf100_v2_000168	rf100_v2	6	2	2	2	0	2	4	2
rf100_v2_000169	rf100_v2	4	2	2	0	0	1	3	5
rf100_v2_000170	rf100_v2	5	2	2	1	0	1	4	4
rf100_v2_000171	rf100_v2	5	3	2	0	0	3	2	5
rf100_v2_000172	rf100_v2	4	0	4	0	0	0	4	3
rf100_v2_000173	rf100_v2	13	6	1	6	0	4	9	3
rf100_v2_000174	rf100_v2	2	1	1	0	0	0	2	5
rf100_v2_000175	rf100_v2	2	1	1	0	0	0	2	3
rf100_v2_000176	rf100_v2	3	1	1	1	0	1	2	5
rf100_v2_000177	rf100_v2	2	1	1	0	0	1	1	2
rf100_v2_000178	rf100_v2	3	1	1	1	0	1	2	5
rf100_v2_000179	rf100_v2	3	1	1	1	0	0	3	2
rf100_v2_000180	rf100_v2	7	3	3	1	0	1	6	2
rf100_v2_000181	rf100_v2	3	1	1	1	0	0	3	4
rf100_v2_000182	rf100_v2	2	1	1	0	0	0	2	3
rf100_v2_000183	rf100_v2	5	2	2	1	0	2	3	4
rf100_v2_000184	rf100_v2	2	1	1	0	0	0	2	2
rf100_v2_000185	rf100_v2	4	2	2	0	0	2	2	4
rf100_v2_000186	rf100_v2	6	2	2	2	0	2	4	5
rf100_v2_000187	rf100_v2	3	1	1	1	0	1	2	2
rf100_v2_000188	rf100_v2	6	3	2	1	0	2	4	2
rf100_v2_000189	rf100_v2	9	3	3	3	0	1	8	1
rf100_v2_000190	rf100_v2	2	2	0	0	0	0	2	5
rf100_v2_000191	rf100_v2	2	1	1	0	0	1	1	1
rf100_v2_000192	rf100_v2	2	1	1	0	0	0	2	4
rf100_v2_000193	rf100_v2	2	1	1	0	0	0	2	4
rf100_v2_000194	rf100_v2	2	1	1	0	0	0	2	3
rf100_v2_000195	rf100_v2	2	1	1	0	0	0	2	5
rf100_v2_000196	rf100_v2	3	1	1	1	0	1	2	5
rf100_v2_000197	rf100_v2	8	4	4	0	0	1	7	4
rf100_v2_000198	rf100_v2	3	1	1	1	0	0	3	5
rf100_v2_000199	rf100_v2	2	1	1	0	0	0	2	4
rf100_v2_000200	rf100_v2	3	1	1	1	0	1	2	1
rf100_v2_000201	rf100_v2	2	1	1	0	0	0	2	3
rf100_v2_000202	rf100_v2	12	6	0	6	0	0	12	5
rf100_v2_000203	rf100_v2	2	1	1	0	0	1	1	4
rf100_v2_000204	rf100_v2	2	1	1	0	0	0	2	2
rf100_v2_000205	rf100_v2	2	1	1	0	0	0	2	5
rf100_v2_000206	rf100_v2	3	1	1	1	0	0	3	1
rf100_v2_000207	rf100_v2	6	2	2	2	0	1	5	1
rf100_v2_000208	rf100_v2	6	2	2	2	1	2	3	2
rf100_v2_000209	rf100_v2	6	2	2	2	0	1	5	3
rf100_v2_000210	rf100_v2	2	1	1	0	0	0	2	1
rf100_v2_000211	rf100_v2	3	1	1	1	0	1	2	1
rf100_v2_000212	rf100_v2	5	2	2	1	0	1	4	4
rf100_v2_000213	rf100_v2	3	1	1	1	0	0	3	5
rf100_v2_000214	rf100_v2	3	1	1	1	0	1	2	4
rf100_v2_000215	rf100_v2	4	2	2	0	0	1	3	4
rf100_v2_000216	rf100_v2	3	1	1	1	0	1	2	1
rf100_v2_000217	rf100_v2	6	2	2	2	0	2	4	2
rf100_v2_000218	rf100_v2	8	3	2	3	1	3	4	3
rf100_v2_000219	rf100_v2	2	1	1	0	0	0	2	3
rf100_v2_000220	rf100_v2	3	1	1	1	0	1	2	2
rf100_v2_000221	rf100_v2	2	1	1	0	0	0	2	3
rf100_v2_000222	rf100_v2	3	1	1	1	0	0	3	2
rf100_v2_000223	rf100_v2	11	6	5	0	2	5	4	4
rf100_v2_000224	rf100_v2	3	1	1	1	0	0	3	2
rf100_v2_000225	rf100_v2	4	2	2	0	0	2	2	4
rf100_v2_000226	rf100_v2	6	2	2	2	0	2	4	2
rf100_v2_000227	rf100_v2	2	1	1	0	0	0	2	5
rf100_v2_000228	rf100_v2	3	1	1	1	0	0	3	5
rf100_v2_000229	rf100_v2	2	1	1	0	0	0	2	2
rf100_v2_000230	rf100_v2	3	1	1	1	0	0	3	2
rf100_v2_000231	rf100_v2	9	3	3	3	0	3	6	1
rf100_v2_000232	rf100_v2	11	4	4	3	4	5	2	5
rf100_v2_000233	rf100_v2	2	1	1	0	0	0	2	1
rf100_v2_000234	rf100_v2	3	1	1	1	0	0	3	2
rf100_v2_000235	rf100_v2	8	2	3	3	0	3	5	1
rf100_v2_000236	rf100_v2	4	2	2	0	0	1	3	3
rf100_v2_000237	rf100_v2	12	4	4	4	0	2	10	4
rf100_v2_000238	rf100_v2	4	2	2	0	0	1	3	5
rf100_v2_000239	rf100_v2	3	1	1	1	0	1	2	2
rf100_v2_000240	rf100_v2	2	1	1	0	0	1	1	3
rf100_v2_000241	rf100_v2	4	3	1	0	0	1	3	5
rf100_v2_000242	rf100_v2	12	4	4	4	0	4	8	2
rf100_v2_000243	rf100_v2	9	3	3	3	0	5	4	2
rf100_v2_000244	rf100_v2	2	1	1	0	0	0	2	4
rf100_v2_000245	rf100_v2	2	0	1	1	0	0	2	4
rf100_v2_000246	rf100_v2	1	0	1	0	0	0	1	2
rf100_v2_000247	rf100_v2	3	1	1	1	0	1	2	5
rf100_v2_000248	rf100_v2	7	3	4	0	0	4	3	3
rf100_v2_000249	rf100_v2	9	3	3	3	0	3	6	3
rf100_v2_000250	rf100_v2	3	1	1	1	0	1	2	4
rf100_v2_000251	rf100_v2	2	1	1	0	0	0	2	3
rf100_v2_000252	rf100_v2	9	3	3	3	0	3	6	5
rf100_v2_000253	rf100_v2	18	6	6	6	0	11	7	4
rf100_v2_000254	rf100_v2	14	5	4	5	4	5	5	3
rf100_v2_000255	rf100_v2	3	1	1	1	0	1	2	3
rf100_v2_000256	rf100_v2	3	1	1	1	0	1	2	4
rf100_v2_000257	rf100_v2	6	2	2	2	0	1	5	3
rf100_v2_000258	rf100_v2	6	2	2	2	0	0	6	4
rf100_v2_000259	rf100_v2	3	1	1	1	0	0	3	2
rf100_v2_000260	rf100_v2	9	3	3	3	0	3	6	4
rf100_v2_000261	rf100_v2	2	1	1	0	0	0	2	3
rf100_v2_000262	rf100_v2	4	2	2	0	0	2	2	3
rf100_v2_000263	rf100_v2	3	1	1	1	0	0	3	2
rf100_v2_000264	rf100_v2	7	3	2	2	0	2	5	2
rf100_v2_000265	rf100_v2	9	3	3	3	0	6	3	5
rf100_v2_000266	rf100_v2	2	1	1	0	0	0	2	5
rf100_v2_000267	rf100_v2	2	1	1	0	0	0	2	4
rf100_v2_000268	rf100_v2	5	2	2	1	0	2	3	2
rf100_v2_000269	rf100_v2	3	1	1	1	0	0	3	2
rf100_v2_000270	rf100_v2	24	8	8	8	7	16	1	5
rf100_v2_000271	rf100_v2	2	1	1	0	0	0	2	3
rf100_v2_000272	rf100_v2	2	1	1	0	0	1	1	5
rf100_v2_000273	rf100_v2	9	3	3	3	0	2	7	4
rf100_v2_000274	rf100_v2	2	1	0	1	0	0	2	1
rf100_v2_000275	rf100_v2	6	2	2	2	0	3	3	1
rf100_v2_000276	rf100_v2	2	1	1	0	0	0	2	5
rf100_v2_000277	rf100_v2	2	1	1	0	0	0	2	2
rf100_v2_000278	rf100_v2	1	0	1	0	0	0	1	1
rf100_v2_000279	rf100_v2	6	2	2	2	0	0	6	1
rf100_v2_000280	rf100_v2	2	1	1	0	0	0	2	5
rf100_v2_000281	rf100_v2	3	1	1	1	2	1	0	3
rf100_v2_000282	rf100_v2	3	1	1	1	0	1	2	3
rf100_v2_000283	rf100_v2	2	1	1	0	0	0	2	5
rf100_v2_000284	rf100_v2	2	1	1	0	0	1	1	4
rf100_v2_000285	rf100_v2	4	2	2	0	0	2	2	2
rf100_v2_000286	rf100_v2	5	2	2	1	0	0	5	5
rf100_v2_000287	rf100_v2	2	1	1	0	0	1	1	2
rf100_v2_000288	rf100_v2	9	3	3	3	0	6	3	2
rf100_v2_000289	rf100_v2	9	3	3	3	0	3	6	2
rf100_v2_000290	rf100_v2	15	5	5	5	0	10	5	1
rf100_v2_000291	rf100_v2	35	12	12	11	12	13	10	3
rf100_v2_000292	rf100_v2	5	2	1	2	1	3	1	5
rf100_v2_000293	rf100_v2	6	2	2	2	0	2	4	3
rf100_v2_000294	rf100_v2	3	1	1	1	0	0	3	2
rf100_v2_000295	rf100_v2	2	1	1	0	0	0	2	2
rf100_v2_000296	rf100_v2	3	1	1	1	1	1	1	1
rf100_v2_000297	rf100_v2	3	1	1	1	0	1	2	2
rf100_v2_000298	rf100_v2	8	4	4	0	3	4	1	5
rf100_v2_000299	rf100_v2	5	2	2	1	0	0	5	2
rf100_v2_000300	rf100_v2	15	5	5	5	0	5	10	2
rf100_v2_000301	rf100_v2	6	2	2	2	4	2	0	2
rf100_v2_000302	rf100_v2	2	1	1	0	0	1	1	3
rf100_v2_000303	rf100_v2	8	3	3	2	0	3	5	1
rf100_v2_000304	rf100_v2	2	1	1	0	0	0	2	1
rf100_v2_000305	rf100_v2	3	1	1	1	0	0	3	1
rf100_v2_000306	rf100_v2	3	1	1	1	0	1	2	4
rf100_v2_000307	rf100_v2	6	2	2	2	0	2	4	3
rf100_v2_000308	rf100_v2	2	1	1	0	0	0	2	2
rf100_v2_000309	rf100_v2	6	2	2	2	1	2	3	4
rf100_v2_000310	rf100_v2	3	1	1	1	0	1	2	3
rf100_v2_000311	rf100_v2	6	2	2	2	0	4	2	1
rf100_v2_000312	rf100_v2	2	1	1	0	0	0	2	5
rf100_v2_000313	rf100_v2	3	1	1	1	0	0	3	2
rf100_v2_000314	rf100_v2	7	3	2	2	1	5	1	4
rf100_v2_000315	rf100_v2	2	1	1	0	0	0	2	3
rf100_v2_000316	rf100_v2	3	1	1	1	0	1	2	3
rf100_v2_000317	rf100_v2	3	1	1	1	0	0	3	1
rf100_v2_000318	rf100_v2	3	1	1	1	0	2	1	3
rf100_v2_000319	rf100_v2	21	7	7	7	14	7	0	3
rf100_v2_000320	rf100_v2	2	1	1	0	0	1	1	4
rf100_v2_000321	rf100_v2	9	4	4	1	0	5	4	3
rf100_v2_000322	rf100_v2	6	2	2	2	0	1	5	2
rf100_v2_000323	rf100_v2	9	3	3	3	0	5	4	4
rf100_v2_000324	rf100_v2	4	2	2	0	0	2	2	4
rf100_v2_000325	rf100_v2	3	1	1	1	0	0	3	1
rf100_v2_000326	rf100_v2	3	1	1	1	0	0	3	2
rf100_v2_000327	rf100_v2	3	1	1	1	1	1	1	5
rf100_v2_000328	rf100_v2	3	1	1	1	0	0	3	5
rf100_v2_000329	rf100_v2	4	2	1	1	0	1	3	5
rf100_v2_000330	rf100_v2	5	2	1	2	1	2	2	4
rf100_v2_000331	rf100_v2	3	1	1	1	0	2	1	5
rf100_v2_000332	rf100_v2	4	2	2	0	0	2	2	4
rf100_v2_000333	rf100_v2	15	4	6	5	0	11	4	5
rf100_v2_000334	rf100_v2	1	0	1	0	0	0	1	3
rf100_v2_000335	rf100_v2	10	3	4	3	0	4	6	3
rf100_v2_000336	rf100_v2	7	3	2	2	0	4	3	3
rf100_v2_000337	rf100_v2	3	1	1	1	0	0	3	4
rf100_v2_000338	rf100_v2	5	2	2	1	0	1	4	5
rf100_v2_000339	rf100_v2	12	4	4	4	5	5	2	2
rf100_v2_000340	rf100_v2	4	2	2	0	0	2	2	2
rf100_v2_000341	rf100_v2	2	1	1	0	0	1	1	4
rf100_v2_000342	rf100_v2	2	1	1	0	0	1	1	1
rf100_v2_000343	rf100_v2	9	3	3	3	0	5	4	4
rf100_v2_000344	rf100_v2	3	1	1	1	0	0	3	1
rf100_v2_000345	rf100_v2	6	2	2	2	0	2	4	5
rf100_v2_000346	rf100_v2	10	5	5	0	0	5	5	3
rf100_v2_000347	rf100_v2	6	2	2	2	3	1	2	5
rf100_v2_000348	rf100_v2	2	1	1	0	0	0	2	5
rf100_v2_000349	rf100_v2	2	1	1	0	0	0	2	2
rf100_v2_000350	rf100_v2	4	2	2	0	0	0	4	5
rf100_v2_000351	rf100_v2	2	1	1	0	0	0	2	5
rf100_v2_000352	rf100_v2	3	1	1	1	0	1	2	2
rf100_v2_000353	rf100_v2	6	2	2	2	0	1	5	3
rf100_v2_000354	rf100_v2	6	2	2	2	0	0	6	4
rf100_v2_000355	rf100_v2	7	3	1	3	0	2	5	5
rf100_v2_000356	rf100_v2	9	3	3	3	0	3	6	4
rf100_v2_000357	rf100_v2	2	1	1	0	0	1	1	5
rf100_v2_000358	rf100_v2	14	5	5	4	0	5	9	1
rf100_v2_000359	rf100_v2	3	1	1	1	0	0	3	3
rf100_v2_000360	rf100_v2	3	1	1	1	0	1	2	4
rf100_v2_000361	rf100_v2	2	1	1	0	0	0	2	3
rf100_v2_000362	rf100_v2	9	3	3	3	0	0	9	1
rf100_v2_000363	rf100_v2	2	1	1	0	0	0	2	4
rf100_v2_000364	rf100_v2	2	1	1	0	0	0	2	4
rf100_v2_000365	rf100_v2	8	4	4	0	4	4	0	2
rf100_v2_000366	rf100_v2	6	2	2	2	0	2	4	2
rf100_v2_000367	rf100_v2	6	3	3	0	3	1	2	2
rf100_v2_000368	rf100_v2	12	4	4	4	0	4	8	5
rf100_v2_000369	rf100_v2	6	2	2	2	0	2	4	1
rf100_v2_000370	rf100_v2	3	1	1	1	0	0	3	5
rf100_v2_000371	rf100_v2	2	1	1	0	0	1	1	5
rf100_v2_000372	rf100_v2	12	4	4	4	4	4	4	2
rf100_v2_000373	rf100_v2	4	3	1	0	0	3	1	3
rf100_v2_000374	rf100_v2	5	2	1	2	0	1	4	1
rf100_v2_000375	rf100_v2	11	6	5	0	5	6	0	5
rf100_v2_000376	rf100_v2	3	2	1	0	0	1	2	5
rf100_v2_000377	rf100_v2	14	7	7	0	5	3	6	1
rf100_v2_000378	rf100_v2	5	3	2	0	0	0	5	5
rf100_v2_000379	rf100_v2	2	1	1	0	0	1	1	1
rf100_v2_000380	rf100_v2	22	8	7	7	2	12	8	2
rf100_v2_000381	rf100_v2	14	7	7	0	5	6	3	3
rf100_v2_000382	rf100_v2	6	3	3	0	1	2	3	2
rf100_v2_000383	rf100_v2	6	3	3	0	0	3	3	5
rf100_v2_000384	rf100_v2	3	1	2	0	0	1	2	4
rf100_v2_000385	rf100_v2	3	1	1	1	0	1	2	4
rf100_v2_000386	rf100_v2	9	4	5	0	0	5	4	1
rf100_v2_000387	rf100_v2	6	2	2	2	0	1	5	4
rf100_v2_000388	rf100_v2	9	3	3	3	0	3	6	5
rf100_v2_000389	rf100_v2	4	2	2	0	0	1	3	5
rf100_v2_000390	rf100_v2	6	2	2	2	0	1	5	2
rf100_v2_000391	rf100_v2	2	1	1	0	0	1	1	2
rf100_v2_000392	rf100_v2	9	3	3	3	3	4	2	2
rf100_v2_000393	rf100_v2	6	3	3	0	0	3	3	3
rf100_v2_000394	rf100_v2	38	14	17	7	7	24	7	3
rf100_v2_000395	rf100_v2	3	2	1	0	1	2	0	2
rf100_v2_000396	rf100_v2	7	3	4	0	0	4	3	2
rf100_v2_000397	rf100_v2	6	5	1	0	0	3	3	5
rf100_v2_000398	rf100_v2	9	3	3	3	0	4	5	3
rf100_v2_000399	rf100_v2	6	3	3	0	0	3	3	2
rf100_v2_000400	rf100_v2	18	6	6	6	3	9	6	4
rf100_v2_000401	rf100_v2	14	5	5	4	0	5	9	4
rf100_v2_000402	rf100_v2	11	5	6	0	0	7	4	2
rf100_v2_000403	rf100_v2	2	1	1	0	1	1	0	1
rf100_v2_000404	rf100_v2	6	2	2	2	0	2	4	4
rf100_v2_000405	rf100_v2	3	1	1	1	0	2	1	1
rf100_v2_000406	rf100_v2	9	5	4	0	1	4	4	1
rf100_v2_000407	rf100_v2	7	3	1	3	0	2	5	4
rf100_v2_000408	rf100_v2	6	3	3	0	0	3	3	4
rf100_v2_000409	rf100_v2	4	2	0	2	0	0	4	4
rf100_v2_000410	rf100_v2	15	5	5	5	5	5	5	2
rf100_v2_000411	rf100_v2	3	1	1	1	0	0	3	4
rf100_v2_000412	rf100_v2	13	7	6	0	2	8	3	4
rf100_v2_000413	rf100_v2	9	3	3	3	0	4	5	4
rf100_v2_000414	rf100_v2	4	2	2	0	0	0	4	2
rf100_v2_000415	rf100_v2	6	2	2	2	0	0	6	5
rf100_v2_000416	rf100_v2	6	3	3	0	0	3	3	4
rf100_v2_000417	rf100_v2	6	2	2	2	0	3	3	5
rf100_v2_000418	rf100_v2	3	1	1	1	0	0	3	4
rf100_v2_000419	rf100_v2	8	3	2	3	0	2	6	2
rf100_v2_000420	rf100_v2	4	2	1	1	0	0	4	2
rf100_v2_000421	rf100_v2	8	3	3	2	0	3	5	4
rf100_v2_000422	rf100_v2	3	1	1	1	0	1	2	1
rf100_v2_000423	rf100_v2	12	4	4	4	1	6	5	3
rf100_v2_000424	rf100_v2	6	2	2	2	0	2	4	2
rf100_v2_000425	rf100_v2	8	4	4	0	0	4	4	2
rf100_v2_000426	rf100_v2	4	2	2	0	0	1	3	3
rf100_v2_000427	rf100_v2	5	3	2	0	0	2	3	3
rf100_v2_000428	rf100_v2	8	4	4	0	0	4	4	5
rf100_v2_000429	rf100_v2	8	4	4	0	0	4	4	5
rf100_v2_000430	rf100_v2	5	2	3	0	0	3	2	4
rf100_v2_000431	rf100_v2	3	1	1	1	0	0	3	2
rf100_v2_000432	rf100_v2	5	2	2	1	0	2	3	1
rf100_v2_000433	rf100_v2	3	1	1	1	0	0	3	3
rf100_v2_000434	rf100_v2	6	3	3	0	0	3	3	1
rf100_v2_000435	rf100_v2	3	1	1	1	0	1	2	3
rf100_v2_000436	rf100_v2	4	2	2	0	0	2	2	1
rf100_v2_000437	rf100_v2	8	3	3	2	0	3	5	5
rf100_v2_000438	rf100_v2	13	7	3	3	0	6	7	4
rf100_v2_000439	rf100_v2	5	3	1	1	0	1	4	4
rf100_v2_000440	rf100_v2	8	4	4	0	0	4	4	1
rf100_v2_000441	rf100_v2	6	2	2	2	0	2	4	3
rf100_v2_000442	rf100_v2	4	2	2	0	0	2	2	5
rf100_v2_000443	rf100_v2	2	1	1	0	0	0	2	5
rf100_v2_000444	rf100_v2	8	4	4	0	4	4	0	1
rf100_v2_000445	rf100_v2	2	1	1	0	0	1	1	4
rf100_v2_000446	rf100_v2	6	2	2	2	0	0	6	3
rf100_v2_000447	rf100_v2	6	2	2	2	0	0	6	5
rf100_v2_000448	rf100_v2	5	2	2	1	0	2	3	2
rf100_v2_000449	rf100_v2	23	7	11	5	2	14	7	4
rf100_v2_000450	rf100_v2	3	1	1	1	0	1	2	4
rf100_v2_000451	rf100_v2	6	2	2	2	0	2	4	3
rf100_v2_000452	rf100_v2	2	1	1	0	0	1	1	4
rf100_v2_000453	rf100_v2	6	2	2	2	0	1	5	2
rf100_v2_000454	rf100_v2	29	10	11	8	5	19	5	5
rf100_v2_000455	rf100_v2	6	2	2	2	0	1	5	5
rf100_v2_000456	rf100_v2	3	1	1	1	0	0	3	2
rf100_v2_000457	rf100_v2	6	3	3	0	0	4	2	4
rf100_v2_000458	rf100_v2	3	1	1	1	0	1	2	1
rf100_v2_000459	rf100_v2	3	1	1	1	0	1	2	1
rf100_v2_000460	rf100_v2	12	5	6	1	0	5	7	1
rf100_v2_000461	rf100_v2	6	2	2	2	0	2	4	4
rf100_v2_000462	rf100_v2	9	9	0	0	0	9	0	3
rf100_v2_000463	rf100_v2	4	2	2	0	0	2	2	5
rf100_v2_000464	rf100_v2	39	22	17	0	21	18	0	1
rf100_v2_000465	rf100_v2	11	6	5	0	0	5	6	4
rf100_v2_000466	rf100_v2	5	2	2	1	0	2	3	2
rf100_v2_000467	rf100_v2	2	1	1	0	0	1	1	3
rf100_v2_000468	rf100_v2	2	1	1	0	0	0	2	4
rf100_v2_000469	rf100_v2	3	1	1	1	1	1	1	5
rf100_v2_000470	rf100_v2	6	2	2	2	0	0	6	2
rf100_v2_000471	rf100_v2	2	1	1	0	0	1	1	4
rf100_v2_000472	rf100_v2	6	2	2	2	0	0	6	1
rf100_v2_000473	rf100_v2	8	4	4	0	0	3	5	1
rf100_v2_000474	rf100_v2	5	2	2	1	0	0	5	2
rf100_v2_000475	rf100_v2	6	2	2	2	0	2	4	3
rf100_v2_000476	rf100_v2	6	2	2	2	0	2	4	2
rf100_v2_000477	rf100_v2	24	8	8	8	2	14	8	4
rf100_v2_000478	rf100_v2	4	2	2	0	2	2	0	5
rf100_v2_000479	rf100_v2	9	3	3	3	0	3	6	1
rf100_v2_000480	rf100_v2	4	2	2	0	0	0	4	2
rf100_v2_000481	rf100_v2	4	2	2	0	0	0	4	3
rf100_v2_000482	rf100_v2	5	2	2	1	0	3	2	5
rf100_v2_000483	rf100_v2	5	2	2	1	0	1	4	1
rf100_v2_000484	rf100_v2	6	2	2	2	0	2	4	5
rf100_v2_000485	rf100_v2	5	2	2	1	0	0	5	1
rf100_v2_000486	rf100_v2	4	2	2	0	0	2	2	2
rf100_v2_000487	rf100_v2	21	7	7	7	0	13	8	3
rf100_v2_000488	rf100_v2	12	4	5	3	1	4	7	5
rf100_v2_000489	rf100_v2	3	1	1	1	0	0	3	3
rf100_v2_000490	rf100_v2	6	4	2	0	1	1	4	5
rf100_v2_000491	rf100_v2	5	2	2	1	0	1	4	2
rf100_v2_000492	rf100_v2	9	3	3	3	0	3	6	4
rf100_v2_000493	rf100_v2	13	7	6	0	6	6	1	4
rf100_v2_000494	rf100_v2	6	2	2	2	0	2	4	4
rf100_v2_000495	rf100_v2	9	5	3	1	0	3	6	3
rf100_v2_000496	rf100_v2	2	1	1	0	0	1	1	3
rf100_v2_000497	rf100_v2	3	1	1	1	0	0	3	5
rf100_v2_000498	rf100_v2	15	6	6	3	0	6	9	5
rf100_v2_000499	rf100_v2	5	2	2	1	0	2	3	2
rf100_v2_000500	rf100_v2	3	2	1	0	0	1	2	1
rf100_v2_000501	rf100_v2	5	3	2	0	2	0	3	4
rf100_v2_000502	rf100_v2	7	3	3	1	0	3	4	4
rf100_v2_000503	rf100_v2	7	5	2	0	1	4	2	1
rf100_v2_000504	rf100_v2	4	3	1	0	0	2	2	1
rf100_v2_000505	rf100_v2	5	2	2	1	0	0	5	4
rf100_v2_000506	rf100_v2	4	2	2	0	0	2	2	2
rf100_v2_000507	rf100_v2	10	4	4	2	0	4	6	5
rf100_v2_000508	rf100_v2	24	9	7	8	6	13	5	3
rf100_v2_000509	rf100_v2	4	2	2	0	0	2	2	3
rf100_v2_000510	rf100_v2	8	3	3	2	3	5	0	1
rf100_v2_000511	rf100_v2	8	4	4	0	0	4	4	2
rf100_v2_000512	rf100_v2	6	2	2	2	0	0	6	4
rf100_v2_000513	rf100_v2	4	2	2	0	0	2	2	5
rf100_v2_000514	rf100_v2	8	4	4	0	3	3	2	3
rf100_v2_000515	rf100_v2	17	7	10	0	5	7	5	5
rf100_v2_000516	rf100_v2	5	4	1	0	1	4	0	1
rf100_v2_000517	rf100_v2	6	4	2	0	1	3	2	4
rf100_v2_000518	rf100_v2	4	2	2	0	0	2	2	3
rf100_v2_000519	rf100_v2	6	2	2	2	0	3	3	3
rf100_v2_000520	rf100_v2	9	3	3	3	0	3	6	1
rf100_v2_000521	rf100_v2	14	5	6	3	0	6	8	5
rf100_v2_000522	rf100_v2	10	5	4	1	4	5	1	4
rf100_v2_000523	rf100_v2	10	5	5	0	4	2	4	1
rf100_v2_000524	rf100_v2	6	2	2	2	2	2	2	5
rf100_v2_000525	rf100_v2	3	2	1	0	1	1	1	4
rf100_v2_000526	rf100_v2	6	2	2	2	0	2	4	2
rf100_v2_000527	rf100_v2	4	2	2	0	0	2	2	4
rf100_v2_000528	rf100_v2	12	4	4	4	4	5	3	4
rf100_v2_000529	rf100_v2	15	5	5	5	1	8	6	3
rf100_v2_000530	rf100_v2	6	2	2	2	0	2	4	1
rf100_v2_000531	rf100_v2	11	5	6	0	3	3	5	3
rf100_v2_000532	rf100_v2	8	3	2	3	0	3	5	5
rf100_v2_000533	rf100_v2	2	1	1	0	0	0	2	4
rf100_v2_000534	rf100_v2	3	1	1	1	1	2	0	1
rf100_v2_000535	rf100_v2	6	3	3	0	0	3	3	5
rf100_v2_000536	rf100_v2	2	1	1	0	0	0	2	2
rf100_v2_000537	rf100_v2	4	2	2	0	0	2	2	2
rf100_v2_000538	rf100_v2	3	1	1	1	1	1	1	5
rf100_v2_000539	rf100_v2	4	2	2	0	0	1	3	4
rf100_v2_000540	rf100_v2	9	5	4	0	0	4	5	4
rf100_v2_000541	rf100_v2	6	2	2	2	0	2	4	3
rf100_v2_000542	rf100_v2	2	1	1	0	0	1	1	2
rf100_v2_000543	rf100_v2	3	1	1	1	0	1	2	5
rf100_v2_000544	rf100_v2	3	1	1	1	0	2	1	2
rf100_v2_000545	rf100_v2	18	9	9	0	4	9	5	4
rf100_v2_000546	rf100_v2	2	1	1	0	0	0	2	3
rf100_v2_000547	rf100_v2	6	2	2	2	0	1	5	4
rf100_v2_000548	rf100_v2	12	4	3	5	4	7	1	3
rf100_v2_000549	rf100_v2	6	3	3	0	2	2	2	1
rf100_v2_000550	rf100_v2	6	3	3	0	0	4	2	4
rf100_v2_000551	rf100_v2	7	3	2	2	2	5	0	3
rf100_v2_000552	rf100_v2	15	5	5	5	4	8	3	2
rf100_v2_000553	rf100_v2	11	5	0	6	0	6	5	2
rf100_v2_000554	rf100_v2	6	2	2	2	1	3	2	5
rf100_v2_000555	rf100_v2	6	2	2	2	2	3	1	2
rf100_v2_000556	rf100_v2	10	5	5	0	0	5	5	2
rf100_v2_000557	rf100_v2	6	3	3	0	3	2	1	3
rf100_v2_000558	rf100_v2	2	1	1	0	0	1	1	1
rf100_v2_000559	rf100_v2	2	1	1	0	0	1	1	3
rf100_v2_000560	rf100_v2	7	3	3	1	0	4	3	3
rf100_v2_000561	rf100_v2	2	1	1	0	0	0	2	2
rf100_v2_000562	rf100_v2	3	1	1	1	1	1	1	4
rf100_v2_000563	rf100_v2	2	1	1	0	0	0	2	2
rf100_v2_000564	rf100_v2	5	2	1	2	1	2	2	3
rf100_v2_000565	rf100_v2	6	2	2	2	0	2	4	5
rf100_v2_000566	rf100_v2	4	2	2	0	0	2	2	1
rf100_v2_000567	rf100_v2	5	2	1	2	0	1	4	3
rf100_v2_000568	rf100_v2	19	7	7	5	4	10	5	2
rf100_v2_000569	rf100_v2	6	2	2	2	0	3	3	5
rf100_v2_000570	rf100_v2	8	3	3	2	0	3	5	4
rf100_v2_000571	rf100_v2	6	2	2	2	0	4	2	4
rf100_v2_000572	rf100_v2	6	3	3	0	0	3	3	5
rf100_v2_000573	rf100_v2	23	10	6	7	8	15	0	4
rf100_v2_000574	rf100_v2	9	3	3	3	0	2	7	1
rf100_v2_000575	rf100_v2	4	2	2	0	0	2	2	2
rf100_v2_000576	rf100_v2	8	3	3	2	1	4	3	5
rf100_v2_000577	rf100_v2	9	3	3	3	0	3	6	2
rf100_v2_000578	rf100_v2	6	2	2	2	0	2	4	1
rf100_v2_000579	rf100_v2	2	1	1	0	0	1	1	5
rf100_v2_000580	rf100_v2	6	3	3	0	0	1	5	1
rf100_v2_000581	rf100_v2	4	2	2	0	0	2	2	4
rf100_v2_000582	rf100_v2	6	2	2	2	1	1	4	3
rf100_v2_000583	rf100_v2	5	2	2	1	0	2	3	3
rf100_v2_000584	rf100_v2	4	2	2	0	0	2	2	4
rf100_v2_000585	rf100_v2	4	2	2	0	0	2	2	5
rf100_v2_000586	rf100_v2	6	2	2	2	0	2	4	1
rf100_v2_000587	rf100_v2	9	3	3	3	0	3	6	1
rf100_v2_000588	rf100_v2	5	2	2	1	0	2	3	4
rf100_v2_000589	rf100_v2	13	5	5	3	3	5	5	4
rf100_v2_000590	rf100_v2	32	9	16	7	16	14	2	5
rf100_v2_000591	rf100_v2	9	3	3	3	0	3	6	2
rf100_v2_000592	rf100_v2	4	2	2	0	0	2	2	4
rf100_v2_000593	rf100_v2	2	1	1	0	0	1	1	3
rf100_v2_000594	rf100_v2	3	1	1	1	0	2	1	1
rf100_v2_000595	rf100_v2	5	2	2	1	0	2	3	2
rf100_v2_000596	rf100_v2	7	3	3	1	0	0	7	4
rf100_v2_000597	rf100_v2	4	2	1	1	0	0	4	2
rf100_v2_000598	rf100_v2	6	2	2	2	0	0	6	4
rf100_v2_000599	rf100_v2	9	3	4	2	0	5	4	3
rf100_v2_000600	rf100_v2	10	5	5	0	1	4	5	5
rf100_v2_000601	rf100_v2	12	5	4	3	4	7	1	4
rf100_v2_000602	rf100_v2	4	2	2	0	0	2	2	3
rf100_v2_000603	rf100_v2	6	3	1	2	1	2	3	1
rf100_v2_000604	rf100_v2	6	3	3	0	0	3	3	2
rf100_v2_000605	rf100_v2	3	1	1	1	0	1	2	4
rf100_v2_000606	rf100_v2	20	8	5	7	8	9	3	5
rf100_v2_000607	rf100_v2	4	2	2	0	0	2	2	5
rf100_v2_000608	rf100_v2	2	1	1	0	0	0	2	2
rf100_v2_000609	rf100_v2	6	2	2	2	0	2	4	3
rf100_v2_000610	rf100_v2	2	1	1	0	0	1	1	1
rf100_v2_000611	rf100_v2	19	7	6	6	6	10	3	5
rf100_v2_000612	rf100_v2	4	2	2	0	0	2	2	1
rf100_v2_000613	rf100_v2	4	2	2	0	0	2	2	1
rf100_v2_000614	rf100_v2	10	5	5	0	4	4	2	2
rf100_v2_000615	rf100_v2	4	2	2	0	0	2	2	2
rf100_v2_000616	rf100_v2	11	4	3	4	3	6	2	2
rf100_v2_000617	rf100_v2	4	2	2	0	0	2	2	3
rf100_v2_000618	rf100_v2	6	2	2	2	0	2	4	1
rf100_v2_000619	rf100_v2	4	2	2	0	2	0	2	3
rf100_v2_000620	rf100_v2	11	5	4	2	4	6	1	2
rf100_v2_000621	rf100_v2	3	1	1	1	0	1	2	4
rf100_v2_000622	rf100_v2	11	5	3	3	3	5	3	1
rf100_v2_000623	rf100_v2	7	3	3	1	0	3	4	5
rf100_v2_000624	rf100_v2	8	4	4	0	4	3	1	4
rf100_v2_000625	rf100_v2	9	3	3	3	0	5	4	5
rf100_v2_000626	rf100_v2	15	8	7	0	7	7	1	2
rf100_v2_000627	rf100_v2	8	4	4	0	0	4	4	2
rf100_v2_000628	rf100_v2	5	3	2	0	0	2	3	2
rf100_v2_000629	rf100_v2	19	7	7	5	8	8	3	5
rf100_v2_000630	rf100_v2	5	2	1	2	0	1	4	3
rf100_v2_000631	rf100_v2	3	1	1	1	0	1	2	4
rf100_v2_000632	rf100_v2	6	2	2	2	0	2	4	4
rf100_v2_000633	rf100_v2	9	3	3	3	0	6	3	5
rf100_v2_000634	rf100_v2	9	5	4	0	4	2	3	5
rf100_v2_000635	rf100_v2	7	3	2	2	0	4	3	1
rf100_v2_000636	rf100_v2	3	1	1	1	0	1	2	4
rf100_v2_000637	rf100_v2	4	2	2	0	0	2	2	5
rf100_v2_000638	rf100_v2	6	2	2	2	0	1	5	4
rf100_v2_000639	rf100_v2	11	4	4	3	0	7	4	5
rf100_v2_000640	rf100_v2	2	1	1	0	0	0	2	5
rf100_v2_000641	rf100_v2	2	1	1	0	0	0	2	3
rf100_v2_000642	rf100_v2	8	3	2	3	0	5	3	3
rf100_v2_000643	rf100_v2	8	3	3	2	0	3	5	2
rf100_v2_000644	rf100_v2	37	12	13	12	11	20	6	4
rf100_v2_000645	rf100_v2	9	3	3	3	2	5	2	2
rf100_v2_000646	rf100_v2	8	3	3	2	0	1	7	3
rf100_v2_000647	rf100_v2	6	2	2	2	0	2	4	2
rf100_v2_000648	rf100_v2	9	3	3	3	0	3	6	1
rf100_v2_000649	rf100_v2	6	2	2	2	0	2	4	5
rf100_v2_000650	rf100_v2	9	3	3	3	0	3	6	3
rf100_v2_000651	rf100_v2	6	2	2	2	2	2	2	5
rf100_v2_000652	rf100_v2	10	5	5	0	4	5	1	5
rf100_v2_000653	rf100_v2	8	4	4	0	0	2	6	3
rf100_v2_000654	rf100_v2	8	4	4	0	0	4	4	3
rf100_v2_000655	rf100_v2	6	3	3	0	1	2	3	4
rf100_v2_000656	rf100_v2	2	1	1	0	0	0	2	2
rf100_v2_000657	rf100_v2	6	2	2	2	2	3	1	4
rf100_v2_000658	rf100_v2	5	3	2	0	0	2	3	2
rf100_v2_000659	rf100_v2	9	3	3	3	0	2	7	2
rf100_v2_000660	rf100_v2	9	5	3	1	2	5	2	3
rf100_v2_000661	rf100_v2	4	2	2	0	0	2	2	3
rf100_v2_000662	rf100_v2	14	7	7	0	3	5	6	2
rf100_v2_000663	rf100_v2	2	0	2	0	0	0	2	1
rf100_v2_000664	rf100_v2	22	11	11	0	7	7	8	5
rf100_v2_000665	rf100_v2	6	2	2	2	2	2	2	2
rf100_v2_000666	rf100_v2	4	2	2	0	2	2	0	4
rf100_v2_000667	rf100_v2	2	1	1	0	0	1	1	1
rf100_v2_000668	rf100_v2	6	3	3	0	3	0	3	4
rf100_v2_000669	rf100_v2	6	3	3	0	0	3	3	5
rf100_v2_000670	rf100_v2	5	2	2	1	0	2	3	1
rf100_v2_000671	rf100_v2	4	2	2	0	0	2	2	1
rf100_v2_000672	rf100_v2	8	3	3	2	0	3	5	5
rf100_v2_000673	rf100_v2	4	2	2	0	0	0	4	4
rf100_v2_000674	rf100_v2	4	2	2	0	0	2	2	4
rf100_v2_000675	rf100_v2	6	2	2	2	0	2	4	3
rf100_v2_000676	rf100_v2	2	1	1	0	0	1	1	1
rf100_v2_000677	rf100_v2	7	4	3	0	0	3	4	5
rf100_v2_000678	rf100_v2	16	5	5	6	4	9	3	5
rf100_v2_000679	rf100_v2	9	3	3	3	0	3	6	1
rf100_v2_000680	rf100_v2	7	3	3	1	0	3	4	1
rf100_v2_000681	rf100_v2	6	3	3	0	3	1	2	5
rf100_v2_000682	rf100_v2	6	3	3	0	1	2	3	1
rf100_v2_000683	rf100_v2	8	4	4	0	3	1	4	4
rf100_v2_000684	rf100_v2	6	3	3	0	2	2	2	2
rf100_v2_000685	rf100_v2	9	3	3	3	0	2	7	5
rf100_v2_000686	rf100_v2	9	3	3	3	0	3	6	5
rf100_v2_000687	rf100_v2	9	3	3	3	0	4	5	2
rf100_v2_000688	rf100_v2	6	2	2	2	0	1	5	5
rf100_v2_000689	rf100_v2	2	1	0	1	0	0	2	3
rf100_v2_000690	rf100_v2	6	2	2	2	0	2	4	4
rf100_v2_000691	rf100_v2	13	8	5	0	5	1	7	5
rf100_v2_000692	rf100_v2	6	3	3	0	2	3	1	4
rf100_v2_000693	rf100_v2	14	5	4	5	5	7	2	5
rf100_v2_000694	rf100_v2	3	1	1	1	0	1	2	1
rf100_v2_000695	rf100_v2	6	3	3	0	1	2	3	5
rf100_v2_000696	rf100_v2	2	1	1	0	0	0	2	5
rf100_v2_000697	rf100_v2	6	3	3	0	0	3	3	3
rf100_v2_000698	rf100_v2	15	6	4	5	5	8	2	1
rf100_v2_000699	rf100_v2	16	8	7	1	8	6	2	4
rf100_v2_000700	rf100_v2	19	9	7	3	10	9	0	3
rf100_v2_000701	rf100_v2	6	3	3	0	0	3	3	3
rf100_v2_000702	rf100_v2	29	11	9	9	15	12	2	4
rf100_v2_000703	rf100_v2	6	2	2	2	1	3	2	1
rf100_v2_000704	rf100_v2	3	1	1	1	0	1	2	3
rf100_v2_000705	rf100_v2	2	1	1	0	0	1	1	2
rf100_v2_000706	rf100_v2	6	2	2	2	0	2	4	1
rf100_v2_000707	rf100_v2	6	3	3	0	0	3	3	5
rf100_v2_000708	rf100_v2	3	1	1	1	0	2	1	4
rf100_v2_000709	rf100_v2	12	6	6	0	5	1	6	5
rf100_v2_000710	rf100_v2	3	1	1	1	0	0	3	3
rf100_v2_000711	rf100_v2	6	2	2	2	2	2	2	5
rf100_v2_000712	rf100_v2	12	4	4	4	2	7	3	5
rf100_v2_000713	rf100_v2	6	2	2	2	0	1	5	3
rf100_v2_000714	rf100_v2	11	4	4	3	4	4	3	1
rf100_v2_000715	rf100_v2	8	4	2	2	3	5	0	4
rf100_v2_000716	rf100_v2	26	9	10	7	10	12	4	1
rf100_v2_000717	rf100_v2	4	2	2	0	0	0	4	5
rf100_v2_000718	rf100_v2	22	11	11	0	11	11	0	4
rf100_v2_000719	rf100_v2	24	8	7	9	9	11	4	3
rf100_v2_000720	rf100_v2	3	1	1	1	0	0	3	4
rf100_v2_000721	rf100_v2	5	1	3	1	0	3	2	4
rf100_v2_000722	rf100_v2	10	6	0	4	0	6	4	4
rf100_v2_000723	rf100_v2	6	2	2	2	0	4	2	5
rf100_v2_000724	rf100_v2	5	2	2	1	1	3	1	5
rf100_v2_000725	rf100_v2	4	2	2	0	0	2	2	3
rf100_v2_000726	rf100_v2	6	2	2	2	0	1	5	1
rf100_v2_000727	rf100_v2	16	7	4	5	9	7	0	3
rf100_v2_000728	rf100_v2	7	4	3	0	3	4	0	2
rf100_v2_000729	rf100_v2	4	2	2	0	0	2	2	1
rf100_v2_000730	rf100_v2	2	1	1	0	0	1	1	2
rf100_v2_000731	rf100_v2	6	2	2	2	2	3	1	1
rf100_v2_000732	rf100_v2	3	1	1	1	0	1	2	3
rf100_v2_000733	rf100_v2	2	1	1	0	0	1	1	1
rf100_v2_000734	rf100_v2	3	1	1	1	0	0	3	3
rf100_v2_000735	rf100_v2	1	1	0	0	0	1	0	4
rf100_v2_000736	rf100_v2	3	1	1	1	0	1	2	4
rf100_v2_000737	rf100_v2	3	1	1	1	1	1	1	5
rf100_v2_000738	rf100_v2	4	2	2	0	0	2	2	1
rf100_v2_000739	rf100_v2	4	2	2	0	0	2	2	2
rf100_v2_000740	rf100_v2	3	1	1	1	0	1	2	1
rf100_v2_000741	rf100_v2	2	1	1	0	0	0	2	1
rf100_v2_000742	rf100_v2	2	1	1	0	0	1	1	2
rf100_v2_000743	rf100_v2	4	2	1	1	0	2	2	4
rf100_v2_000744	rf100_v2	4	1	1	2	0	3	1	5
rf100_v2_000745	rf100_v2	5	2	2	1	0	3	2	1
rf100_v2_000746	rf100_v2	6	2	2	2	0	3	3	1
rf100_v2_000747	rf100_v2	5	2	2	1	0	1	4	2
rf100_v2_000748	rf100_v2	5	2	2	1	0	2	3	5
rf100_v2_000749	rf100_v2	7	3	2	2	2	3	2	4
rf100_v2_000750	rf100_v2	8	4	4	0	4	3	1	3
rf100_v2_000751	rf100_v2	4	2	2	0	0	2	2	1
rf100_v2_000752	rf100_v2	3	1	1	1	0	2	1	3
rf100_v2_000753	rf100_v2	4	2	2	0	0	2	2	2
rf100_v2_000754	rf100_v2	2	1	1	0	0	1	1	4
rf100_v2_000755	rf100_v2	2	1	1	0	0	0	2	5
rf100_v2_000756	rf100_v2	6	3	3	0	0	2	4	2
rf100_v2_000757	rf100_v2	6	2	2	2	0	2	4	1
rf100_v2_000758	rf100_v2	5	2	2	1	0	2	3	4
rf100_v2_000759	rf100_v2	2	1	1	0	0	1	1	5
rf100_v2_000760	rf100_v2	8	5	1	2	0	1	7	4
rf100_v2_000761	rf100_v2	18	6	6	6	0	10	8	1
rf100_v2_000762	rf100_v2	19	7	6	6	5	11	3	4
rf100_v2_000763	rf100_v2	22	10	6	6	6	16	0	1
rf100_v2_000764	rf100_v2	15	5	5	5	2	7	6	4
rf100_v2_000765	rf100_v2	2	1	1	0	0	0	2	3
rf100_v2_000766	rf100_v2	6	3	3	0	3	3	0	1
rf100_v2_000767	rf100_v2	2	1	1	0	0	0	2	4
rf100_v2_000768	rf100_v2	8	4	4	0	1	4	3	4
rf100_v2_000769	rf100_v2	4	2	2	0	0	1	3	3
rf100_v2_000770	rf100_v2	9	3	3	3	2	4	3	1
rf100_v2_000771	rf100_v2	3	1	1	1	0	0	3	3
rf100_v2_000772	rf100_v2	2	1	1	0	0	1	1	3
rf100_v2_000773	rf100_v2	2	1	1	0	0	0	2	1
rf100_v2_000774	rf100_v2	2	1	1	0	0	1	1	1
rf100_v2_000775	rf100_v2	5	3	2	0	0	3	2	3
rf100_v2_000776	rf100_v2	4	2	2	0	0	2	2	2
rf100_v2_000777	rf100_v2	15	5	5	5	9	5	1	5
rf100_v2_000778	rf100_v2	2	1	1	0	0	1	1	2
rf100_v2_000779	rf100_v2	2	1	1	0	0	0	2	3
rf100_v2_000780	rf100_v2	8	4	4	0	3	4	1	2
rf100_v2_000781	rf100_v2	9	5	3	1	0	3	6	1
rf100_v2_000782	rf100_v2	3	1	1	1	0	0	3	5
rf100_v2_000783	rf100_v2	4	2	1	1	0	1	3	1
rf100_v2_000784	rf100_v2	2	1	1	0	0	0	2	4
rf100_v2_000785	rf100_v2	12	7	5	0	5	5	2	1
rf100_v2_000786	rf100_v2	3	1	1	1	0	1	2	5
rf100_v2_000787	rf100_v2	3	1	1	1	0	1	2	5
rf100_v2_000788	rf100_v2	7	2	3	2	0	3	4	5
rf100_v2_000789	rf100_v2	25	12	13	0	13	1	11	5
rf100_v2_000790	rf100_v2	2	1	1	0	0	1	1	1
rf100_v2_000791	rf100_v2	2	1	1	0	0	1	1	4
rf100_v2_000792	rf100_v2	2	1	1	0	0	0	2	2
rf100_v2_000793	rf100_v2	2	1	1	0	0	0	2	4
rf100_v2_000794	rf100_v2	4	2	2	0	2	2	0	3
rf100_v2_000795	rf100_v2	5	2	2	1	0	2	3	1
rf100_v2_000796	rf100_v2	4	2	0	2	0	2	2	2
rf100_v2_000797	rf100_v2	2	1	1	0	0	1	1	3
rf100_v2_000798	rf100_v2	2	1	1	0	0	0	2	3
rf100_v2_000799	rf100_v2	2	1	1	0	0	0	2	1
rf100_v2_000800	rf100_v2	2	1	1	0	0	1	1	1
rf100_v2_000801	rf100_v2	2	1	1	0	0	1	1	2
rf100_v2_000802	rf100_v2	8	3	3	2	1	4	3	3
rf100_v2_000803	rf100_v2	4	2	2	0	2	0	2	4
rf100_v2_000804	rf100_v2	2	1	1	0	0	1	1	5
rf100_v2_000805	rf100_v2	2	1	1	0	0	1	1	3
rf100_v2_000806	rf100_v2	4	2	2	0	0	0	4	1
rf100_v2_000807	rf100_v2	6	2	2	2	2	2	2	1
rf100_v2_000808	rf100_v2	2	1	1	0	0	1	1	3
rf100_v2_000809	rf100_v2	11	4	4	3	0	4	7	1
rf100_v2_000810	rf100_v2	3	1	1	1	1	1	1	3
rf100_v2_000811	rf100_v2	2	1	1	0	0	1	1	1
rf100_v2_000812	rf100_v2	2	1	1	0	0	1	1	4
rf100_v2_000813	rf100_v2	4	2	2	0	2	0	2	5
rf100_v2_000814	rf100_v2	2	1	1	0	0	1	1	1
rf100_v2_000815	rf100_v2	6	3	3	0	0	3	3	3
rf100_v2_000816	rf100_v2	2	1	1	0	0	0	2	4
rf100_v2_000817	rf100_v2	2	1	1	0	0	1	1	2
rf100_v2_000818	rf100_v2	8	3	3	2	0	3	5	1
rf100_v2_000819	rf100_v2	9	4	3	2	2	4	3	1
rf100_v2_000820	rf100_v2	2	1	1	0	0	0	2	3
rf100_v2_000821	rf100_v2	8	3	3	2	0	2	6	1
rf100_v2_000822	rf100_v2	4	2	0	2	0	0	4	1
rf100_v2_000823	rf100_v2	2	1	1	0	0	0	2	3
rf100_v2_000824	rf100_v2	4	2	2	0	0	1	3	2
rf100_v2_000825	rf100_v2	4	2	2	0	1	1	2	2
rf100_v2_000826	rf100_v2	5	2	2	1	0	0	5	1
rf100_v2_000827	rf100_v2	3	1	1	1	0	0	3	4
rf100_v2_000828	rf100_v2	10	5	5	0	0	5	5	2
rf100_v2_000829	rf100_v2	2	1	1	0	0	1	1	1
rf100_v2_000830	rf100_v2	4	2	2	0	1	1	2	3
rf100_v2_000831	rf100_v2	2	1	1	0	0	1	1	2
rf100_v2_000832	rf100_v2	2	1	1	0	1	0	1	2
rf100_v2_000833	rf100_v2	9	3	3	3	0	3	6	4
rf100_v2_000834	rf100_v2	6	2	2	2	0	2	4	1
rf100_v2_000835	rf100_v2	5	2	2	1	0	3	2	2
rf100_v2_000836	rf100_v2	4	2	2	0	0	2	2	5
rf100_v2_000837	rf100_v2	9	3	3	3	0	3	6	2
rf100_v2_000838	rf100_v2	2	1	1	0	0	1	1	1
rf100_v2_000839	rf100_v2	2	1	1	0	0	1	1	3
rf100_v2_000840	rf100_v2	8	4	4	0	4	1	3	3
rf100_v2_000841	rf100_v2	18	6	6	6	5	7	6	1
rf100_v2_000842	rf100_v2	2	1	1	0	0	0	2	1
rf100_v2_000843	rf100_v2	4	2	2	0	0	1	3	5
rf100_v2_000844	rf100_v2	4	2	2	0	0	2	2	3
rf100_v2_000845	rf100_v2	2	1	1	0	0	0	2	1
rf100_v2_000846	rf100_v2	3	1	1	1	0	2	1	2
rf100_v2_000847	rf100_v2	6	2	2	2	0	4	2	1
rf100_v2_000848	rf100_v2	4	2	2	0	0	2	2	1
rf100_v2_000849	rf100_v2	7	4	3	0	1	2	4	3
rf100_v2_000850	rf100_v2	2	1	1	0	0	1	1	2
rf100_v2_000851	rf100_v2	3	1	1	1	0	0	3	4
rf100_v2_000852	rf100_v2	6	2	2	2	0	2	4	2
rf100_v2_000853	rf100_v2	2	1	1	0	0	0	2	4
rf100_v2_000854	rf100_v2	2	1	1	0	0	0	2	2
rf100_v2_000855	rf100_v2	20	6	10	4	7	9	4	3
rf100_v2_000856	rf100_v2	4	2	2	0	0	0	4	2
rf100_v2_000857	rf100_v2	2	1	1	0	0	0	2	2
rf100_v2_000858	rf100_v2	2	1	1	0	0	1	1	5
rf100_v2_000859	rf100_v2	6	2	2	2	0	2	4	4
rf100_v2_000860	rf100_v2	3	1	1	1	0	1	2	5
rf100_v2_000861	rf100_v2	7	2	3	2	3	4	0	2
rf100_v2_000862	rf100_v2	4	2	2	0	2	2	0	1
rf100_v2_000863	rf100_v2	2	1	1	0	0	0	2	1
rf100_v2_000864	rf100_v2	6	3	3	0	3	3	0	1
rf100_v2_000865	rf100_v2	5	3	0	2	0	5	0	5
rf100_v2_000866	rf100_v2	5	3	2	0	2	1	2	4
rf100_v2_000867	rf100_v2	5	3	2	0	0	3	2	4
rf100_v2_000868	rf100_v2	10	5	5	0	1	6	3	2
rf100_v2_000869	rf100_v2	6	2	2	2	0	3	3	3
rf100_v2_000870	rf100_v2	3	1	1	1	1	2	0	3
rf100_v2_000871	rf100_v2	3	1	1	1	0	0	3	3
rf100_v2_000872	rf100_v2	7	3	1	3	0	5	2	3
rf100_v2_000873	rf100_v2	2	1	1	0	0	0	2	3
rf100_v2_000874	rf100_v2	4	2	2	0	0	2	2	1
rf100_v2_000875	rf100_v2	3	1	1	1	1	1	1	3
rf100_v2_000876	rf100_v2	6	2	2	2	2	2	2	3
rf100_v2_000877	rf100_v2	2	1	1	0	0	1	1	3
rf100_v2_000878	rf100_v2	2	1	1	0	0	1	1	5
rf100_v2_000879	rf100_v2	3	1	1	1	0	1	2	4
rf100_v2_000880	rf100_v2	6	2	2	2	0	2	4	5
rf100_v2_000881	rf100_v2	8	5	3	0	5	3	0	2
rf100_v2_000882	rf100_v2	6	2	2	2	2	2	2	3
rf100_v2_000883	rf100_v2	4	2	2	0	0	2	2	2
rf100_v2_000884	rf100_v2	13	5	5	3	3	7	3	3
rf100_v2_000885	rf100_v2	9	4	3	2	0	3	6	4
rf100_v2_000886	rf100_v2	3	1	1	1	1	1	1	4
rf100_v2_000887	rf100_v2	3	1	1	1	2	1	0	1
rf100_v2_000888	rf100_v2	4	2	2	0	2	1	1	1
rf100_v2_000889	rf100_v2	7	4	3	0	4	3	0	4
rf100_v2_000890	rf100_v2	11	4	4	3	5	3	3	3
rf100_v2_000891	rf100_v2	5	5	0	0	5	0	0	2
rf100_v2_000892	rf100_v2	3	1	1	1	0	1	2	1
rf100_v2_000893	rf100_v2	1	1	0	0	0	0	1	5
rf100_v2_000894	rf100_v2	2	1	1	0	1	0	1	4
rf100_v2_000895	rf100_v2	4	2	2	0	0	2	2	1
rf100_v2_000896	rf100_v2	4	2	2	0	0	2	2	1
rf100_v2_000897	rf100_v2	10	5	5	0	0	5	5	5
rf100_v2_000898	rf100_v2	4	2	2	0	0	2	2	1
rf100_v2_000899	rf100_v2	2	1	1	0	0	0	2	4
rf100_v2_000900	rf100_v2	9	3	3	3	3	3	3	3
rf100_v2_000901	rf100_v2	2	1	1	0	0	0	2	1
rf100_v2_000902	rf100_v2	11	4	4	3	0	7	4	4
rf100_v2_000903	rf100_v2	16	6	5	5	3	7	6	5
rf100_v2_000904	rf100_v2	2	1	1	0	1	1	0	5
rf100_v2_000905	rf100_v2	3	3	0	0	0	1	2	3
rf100_v2_000906	rf100_v2	4	2	2	0	0	2	2	1
rf100_v2_000907	rf100_v2	2	1	1	0	0	1	1	3
rf100_v2_000908	rf100_v2	2	0	2	0	0	0	2	5
rf100_v2_000909	rf100_v2	9	3	3	3	1	7	1	3
rf100_v2_000910	rf100_v2	7	4	3	0	3	4	0	3
rf100_v2_000911	rf100_v2	10	4	3	3	3	6	1	4
rf100_v2_000912	rf100_v2	4	2	2	0	0	2	2	2
rf100_v2_000913	rf100_v2	2	1	1	0	0	0	2	1
rf100_v2_000914	rf100_v2	2	1	1	0	0	0	2	5
rf100_v2_000915	rf100_v2	6	3	3	0	0	2	4	1
rf100_v2_000916	rf100_v2	8	3	5	0	5	3	0	4
rf100_v2_000917	rf100_v2	6	4	2	0	2	3	1	5
rf100_v2_000918	rf100_v2	8	3	5	0	5	3	0	1
rf100_v2_000919	rf100_v2	2	2	0	0	0	2	0	1
rf100_v2_000920	rf100_v2	8	4	4	0	6	2	0	2
rf100_v2_000921	rf100_v2	3	1	1	1	0	2	1	4
rf100_v2_000922	rf100_v2	10	5	5	0	3	5	2	3
rf100_v2_000923	rf100_v2	10	5	5	0	0	5	5	1
rf100_v2_000924	rf100_v2	10	5	0	5	1	8	1	3
rf100_v2_000925	rf100_v2	12	5	7	0	0	7	5	2
rf100_v2_000926	rf100_v2	7	4	3	0	2	4	1	1
rf100_v2_000927	rf100_v2	6	2	2	2	1	3	2	3
rf100_v2_000928	rf100_v2	8	4	4	0	4	4	0	5
rf100_v2_000929	rf100_v2	7	4	0	3	0	5	2	2
rf100_v2_000930	rf100_v2	5	5	0	0	5	0	0	1
rf100_v2_000931	rf100_v2	12	4	4	4	0	9	3	1
rf100_v2_000932	rf100_v2	9	3	3	3	2	4	3	4
rf100_v2_000933	rf100_v2	4	2	2	0	1	1	2	4
rf100_v2_000934	rf100_v2	2	1	1	0	0	1	1	2
rf100_v2_000935	rf100_v2	6	3	3	0	3	3	0	2
rf100_v2_000936	rf100_v2	3	1	1	1	1	2	0	2
rf100_v2_000937	rf100_v2	3	1	1	1	0	1	2	1
rf100_v2_000938	rf100_v2	9	5	4	0	4	5	0	1
rf100_v2_000939	rf100_v2	3	1	1	1	0	1	2	1
rf100_v2_000940	rf100_v2	6	3	3	0	3	3	0	2
rf100_v2_000941	rf100_v2	4	2	2	0	0	1	3	4
rf100_v2_000942	rf100_v2	4	2	2	0	2	2	0	1
rf100_v2_000943	rf100_v2	2	1	1	0	1	1	0	3
rf100_v2_000944	rf100_v2	4	2	2	0	2	1	1	2
rf100_v2_000945	rf100_v2	7	5	2	0	1	1	5	5
rf100_v2_000946	rf100_v2	11	4	4	3	4	5	2	2
rf100_v2_000947	rf100_v2	9	5	4	0	6	3	0	3
rf100_v2_000948	rf100_v2	4	2	2	0	0	2	2	4
rf100_v2_000949	rf100_v2	2	1	1	0	0	0	2	3
rf100_v2_000950	rf100_v2	10	5	5	0	2	4	4	3
rf100_v2_000951	rf100_v2	2	1	1	0	0	1	1	5
rf100_v2_000952	rf100_v2	9	4	5	0	3	3	3	5
rf100_v2_000953	rf100_v2	2	1	0	1	0	0	2	1
rf100_v2_000954	rf100_v2	3	1	1	1	1	2	0	4
rf100_v2_000955	rf100_v2	8	4	4	0	4	4	0	4
rf100_v2_000956	rf100_v2	9	5	4	0	4	5	0	4
rf100_v2_000957	rf100_v2	3	1	1	1	0	0	3	1
rf100_v2_000958	rf100_v2	5	2	2	1	2	3	0	1
rf100_v2_000959	rf100_v2	2	1	1	0	0	1	1	5
rf100_v2_000960	rf100_v2	6	3	3	0	3	3	0	5
rf100_v2_000961	rf100_v2	3	1	1	1	0	0	3	5
rf100_v2_000962	rf100_v2	9	4	4	1	0	4	5	5
rf100_v2_000963	rf100_v2	14	6	3	5	3	11	0	1
rf100_v2_000964	rf100_v2	9	5	4	0	4	5	0	5
rf100_v2_000965	rf100_v2	6	4	2	0	2	4	0	2
rf100_v2_000966	rf100_v2	5	3	2	0	2	3	0	1
rf100_v2_000967	rf100_v2	6	3	3	0	1	2	3	3
rf100_v2_000968	rf100_v2	16	7	5	4	4	10	2	4
rf100_v2_000969	rf100_v2	8	3	2	3	2	5	1	1
rf100_v2_000970	rf100_v2	5	5	0	0	0	5	0	3
rf100_v2_000971	rf100_v2	15	5	5	5	6	5	4	3
rf100_v2_000972	rf100_v2	4	2	0	2	0	2	2	2
rf100_v2_000973	rf100_v2	6	3	3	0	0	3	3	3
rf100_v2_000974	rf100_v2	14	7	7	0	9	5	0	1
rf100_v2_000975	rf100_v2	5	2	3	0	3	2	0	4
rf100_v2_000976	rf100_v2	6	3	3	0	3	3	0	4
rf100_v2_000977	rf100_v2	2	1	1	0	0	0	2	4
rf100_v2_000978	rf100_v2	2	1	1	0	0	0	2	1
rf100_v2_000979	rf100_v2	4	2	2	0	0	0	4	3
rf100_v2_000980	rf100_v2	2	1	1	0	0	0	2	3
rf100_v2_000981	rf100_v2	2	1	1	0	0	0	2	1
rf100_v2_000982	rf100_v2	4	2	2	0	0	2	2	4
rf100_v2_000983	rf100_v2	5	3	2	0	2	3	0	2
rf100_v2_000984	rf100_v2	3	1	1	1	1	1	1	1
rf100_v2_000985	rf100_v2	6	3	3	0	3	3	0	4
rf100_v2_000986	rf100_v2	2	1	1	0	0	0	2	3
rf100_v2_000987	rf100_v2	15	7	6	2	9	6	0	2
rf100_v2_000988	rf100_v2	6	4	2	0	1	2	3	3
rf100_v2_000989	rf100_v2	18	9	9	0	8	4	6	1
rf100_v2_000990	rf100_v2	8	5	0	3	1	7	0	2
rf100_v2_000991	rf100_v2	4	2	1	1	0	3	1	4
rf100_v2_000992	rf100_v2	2	1	1	0	0	0	2	2
rf100_v2_000993	rf100_v2	9	3	3	3	1	4	4	4
rf100_v2_000994	rf100_v2	4	2	2	0	0	0	4	4
rf100_v2_000995	rf100_v2	25	9	7	9	7	17	1	2
rf100_v2_000996	rf100_v2	20	10	10	0	6	6	8	3
rf100_v2_000997	rf100_v2	3	1	1	1	0	1	2	5
itppe_000111	itppe	43	15	13	15	33	10	0	1
itppe_000112	itppe	37	13	11	13	27	10	0	2
itppe_000113	itppe	34	12	11	11	27	7	0	3
itppe_000114	itppe	38	13	12	13	29	9	0	5
itppe_000115	itppe	37	12	13	12	30	7	0	3
itppe_000116	itppe	41	14	14	13	36	5	0	4
itppe_000117	itppe	34	12	12	10	30	4	0	1
itppe_000118	itppe	34	12	12	10	33	1	0	5
itppe_000119	itppe	30	10	11	9	26	4	0	3
itppe_000120	itppe	35	12	12	11	29	6	0	4
itppe_000121	itppe	31	9	11	11	27	4	0	4
itppe_000122	itppe	35	12	12	11	31	4	0	4
itppe_000123	itppe	35	12	12	11	31	4	0	2
itppe_000124	itppe	39	14	13	12	33	6	0	2
itppe_000125	itppe	45	15	15	15	37	8	0	2
itppe_000126	itppe	36	12	13	11	31	5	0	1
itppe_000127	itppe	39	13	14	12	34	5	0	4
itppe_000128	itppe	40	14	13	13	32	8	0	3
itppe_000129	itppe	39	13	14	12	35	4	0	5
itppe_000130	itppe	40	13	13	14	37	3	0	3
rf100_v2_000998	rf100_v2	5	2	2	1	0	1	4	3
rf100_v2_000999	rf100_v2	6	3	2	1	0	2	4	3
rf100_v2_001000	rf100_v2	5	2	1	2	0	1	4	4
rf100_v2_001001	rf100_v2	2	1	1	0	0	0	2	4
rf100_v2_001002	rf100_v2	2	1	1	0	0	1	1	4
rf100_v2_001003	rf100_v2	3	1	1	1	0	1	2	2
rf100_v2_001004	rf100_v2	2	1	1	0	0	0	2	5
rf100_v2_001005	rf100_v2	3	1	1	1	0	0	3	5
rf100_v2_001006	rf100_v2	1	0	1	0	0	0	1	2
rf100_v2_001007	rf100_v2	2	1	1	0	0	0	2	5
rf100_v2_001008	rf100_v2	2	1	1	0	0	0	2	2
rf100_v2_001009	rf100_v2	4	2	2	0	0	0	4	1
rf100_v2_001010	rf100_v2	2	1	1	0	0	1	1	3
rf100_v2_001011	rf100_v2	8	3	3	2	0	4	4	1
rf100_v2_001012	rf100_v2	2	1	1	0	0	1	1	2
rf100_v2_001013	rf100_v2	9	3	3	3	3	3	3	4
rf100_v2_001014	rf100_v2	3	1	1	1	0	0	3	1
rf100_v2_001015	rf100_v2	5	2	1	2	1	1	3	2
rf100_v2_001016	rf100_v2	6	2	2	2	0	2	4	4
rf100_v2_001017	rf100_v2	3	1	1	1	0	1	2	2
rf100_v2_001018	rf100_v2	6	2	2	2	0	2	4	1
rf100_v2_001019	rf100_v2	10	4	3	3	2	5	3	5
rf100_v2_001020	rf100_v2	2	0	2	0	0	0	2	5
rf100_v2_001021	rf100_v2	6	2	2	2	0	2	4	3
rf100_v2_001022	rf100_v2	3	1	1	1	0	0	3	2
rf100_v2_001023	rf100_v2	9	3	3	3	0	1	8	3
rf100_v2_001024	rf100_v2	10	8	2	0	2	0	8	1
rf100_v2_001025	rf100_v2	8	4	4	0	0	4	4	4
rf100_v2_001026	rf100_v2	3	1	1	1	0	1	2	3
rf100_v2_001027	rf100_v2	2	1	1	0	0	0	2	2
rf100_v2_001028	rf100_v2	3	1	1	1	0	0	3	4
rf100_v2_001029	rf100_v2	3	1	1	1	0	0	3	4
rf100_v2_001030	rf100_v2	4	1	3	0	0	0	4	1
rf100_v2_001031	rf100_v2	2	1	1	0	0	0	2	3
rf100_v2_001032	rf100_v2	2	1	1	0	0	0	2	5
rf100_v2_001033	rf100_v2	3	1	1	1	0	1	2	2
rf100_v2_001034	rf100_v2	6	2	2	2	0	0	6	2
rf100_v2_001035	rf100_v2	8	4	0	4	0	8	0	3
rf100_v2_001036	rf100_v2	3	1	1	1	0	0	3	3
rf100_v2_001037	rf100_v2	2	1	1	0	0	0	2	3
rf100_v2_001038	rf100_v2	8	3	3	2	0	3	5	3
rf100_v2_001039	rf100_v2	3	1	1	1	0	0	3	1
rf100_v2_001040	rf100_v2	8	4	4	0	2	2	4	5
rf100_v2_001041	rf100_v2	3	1	1	1	0	0	3	5
rf100_v2_001042	rf100_v2	2	1	1	0	0	0	2	3
rf100_v2_001043	rf100_v2	42	18	16	8	18	17	7	2
rf100_v2_001044	rf100_v2	3	1	1	1	0	1	2	3
rf100_v2_001045	rf100_v2	6	2	2	2	0	4	2	4
rf100_v2_001046	rf100_v2	12	4	4	4	4	6	2	1
rf100_v2_001047	rf100_v2	3	1	1	1	0	1	2	1
rf100_v2_001048	rf100_v2	3	1	1	1	0	0	3	2
rf100_v2_001049	rf100_v2	4	2	2	0	0	2	2	3
rf100_v2_001050	rf100_v2	9	3	3	3	0	3	6	4
rf100_v2_001051	rf100_v2	7	3	1	3	0	0	7	4
rf100_v2_001052	rf100_v2	2	1	1	0	0	0	2	2
rf100_v2_001053	rf100_v2	4	2	2	0	1	2	1	1
rf100_v2_001054	rf100_v2	12	4	4	4	0	5	7	3
rf100_v2_001055	rf100_v2	3	1	1	1	0	0	3	2
rf100_v2_001056	rf100_v2	5	2	2	1	0	0	5	5
rf100_v2_001057	rf100_v2	3	1	1	1	0	0	3	4
rf100_v2_001058	rf100_v2	6	2	2	2	2	2	2	4
rf100_v2_001059	rf100_v2	2	1	1	0	0	0	2	4
rf100_v2_001060	rf100_v2	3	1	1	1	0	0	3	3
rf100_v2_001061	rf100_v2	2	1	1	0	0	0	2	2
rf100_v2_001062	rf100_v2	2	1	1	0	0	1	1	5
rf100_v2_001063	rf100_v2	2	1	1	0	0	1	1	4
rf100_v2_001064	rf100_v2	6	3	3	0	0	3	3	4
rf100_v2_001065	rf100_v2	9	3	3	3	2	3	4	5
rf100_v2_001066	rf100_v2	11	4	3	4	0	6	5	1
rf100_v2_001067	rf100_v2	2	1	1	0	0	0	2	1
rf100_v2_001068	rf100_v2	3	1	1	1	0	0	3	1
rf100_v2_001069	rf100_v2	3	1	1	1	0	2	1	5
rf100_v2_001070	rf100_v2	2	1	1	0	0	0	2	5
rf100_v2_001071	rf100_v2	5	2	2	1	2	2	1	5
rf100_v2_001072	rf100_v2	2	1	1	0	0	0	2	5
rf100_v2_001073	rf100_v2	3	1	1	1	0	0	3	2
rf100_v2_001074	rf100_v2	9	3	3	3	0	6	3	5
rf100_v2_001075	rf100_v2	6	2	2	2	0	2	4	5
rf100_v2_001076	rf100_v2	6	2	2	2	0	2	4	5
rf100_v2_001077	rf100_v2	4	2	2	0	0	2	2	5
rf100_v2_001078	rf100_v2	3	1	1	1	0	1	2	3
rf100_v2_001079	rf100_v2	2	1	1	0	0	0	2	2
rf100_v2_001080	rf100_v2	6	3	3	0	3	0	3	3
rf100_v2_001081	rf100_v2	2	1	0	1	0	0	2	5
rf100_v2_001082	rf100_v2	2	1	1	0	0	1	1	1
rf100_v2_001083	rf100_v2	6	2	2	2	0	1	5	4
rf100_v2_001084	rf100_v2	9	3	3	3	0	3	6	5
rf100_v2_001085	rf100_v2	2	1	1	0	0	1	1	3
rf100_v2_001086	rf100_v2	9	3	3	3	0	4	5	5
rf100_v2_001087	rf100_v2	9	3	3	3	0	3	6	3
rf100_v2_001088	rf100_v2	3	1	1	1	0	0	3	1
rf100_v2_001089	rf100_v2	3	1	1	1	0	1	2	4
rf100_v2_001090	rf100_v2	5	2	2	1	0	2	3	1
rf100_v2_001091	rf100_v2	3	1	1	1	0	0	3	2
rf100_v2_001092	rf100_v2	6	2	2	2	0	0	6	3
rf100_v2_001093	rf100_v2	8	4	4	0	1	3	4	5
rf100_v2_001094	rf100_v2	6	3	3	0	1	2	3	1
rf100_v2_001095	rf100_v2	8	4	4	0	0	4	4	4
rf100_v2_001096	rf100_v2	3	1	1	1	0	0	3	5
rf100_v2_001097	rf100_v2	3	1	1	1	0	1	2	1
rf100_v2_001098	rf100_v2	2	1	1	0	0	0	2	2
rf100_v2_001099	rf100_v2	9	3	3	3	0	0	9	4
rf100_v2_001100	rf100_v2	2	1	1	0	1	0	1	3
rf100_v2_001101	rf100_v2	5	3	2	0	2	3	0	3
rf100_v2_001102	rf100_v2	2	1	1	0	0	1	1	4
rf100_v2_001103	rf100_v2	3	1	1	1	0	0	3	5
rf100_v2_001104	rf100_v2	5	1	4	0	0	1	4	1
rf100_v2_001105	rf100_v2	9	3	3	3	0	0	9	3
rf100_v2_001106	rf100_v2	24	8	8	8	5	11	8	1
rf100_v2_001107	rf100_v2	2	1	1	0	1	1	0	1
rf100_v2_001108	rf100_v2	9	4	5	0	4	3	2	2
rf100_v2_001109	rf100_v2	5	2	2	1	0	2	3	3
rf100_v2_001110	rf100_v2	9	3	3	3	1	5	3	5
rf100_v2_001111	rf100_v2	5	2	2	1	2	2	1	2
rf100_v2_001112	rf100_v2	6	2	2	2	0	4	2	2
rf100_v2_001113	rf100_v2	5	2	2	1	0	2	3	5
rf100_v2_001114	rf100_v2	10	5	5	0	0	5	5	1
rf100_v2_001115	rf100_v2	5	2	2	1	0	0	5	3
rf100_v2_001116	rf100_v2	6	2	2	2	0	0	6	5
