model	epoch	map50	map50_95
YOLOv5n	0	0.00073461	9.947e-05
YOLOv5n	1	0.0052137	0.0013015
YOLOv5n	2	0.011937	0.0028065
YOLOv5n	3	0.0085975	0.0023951
YOLOv5n	4	0.057933	0.015249
YOLOv5n	5	0.09606	0.024847
YOLOv5n	6	0.13655	0.03683
YOLOv5n	7	0.16461	0.042958
YOLOv5n	8	0.28406	0.09071
YOLOv5n	9	0.29147	0.090068
YOLOv5n	10	0.36896	0.11739
YOLOv5n	11	0.40386	0.13042
YOLOv5n	12	0.41201	0.13825
YOLOv5n	13	0.50298	0.16117
YOLOv5n	14	0.55187	0.19596
YOLOv5n	15	0.59157	0.21048
YOLOv5n	16	0.62055	0.21785
YOLOv5n	17	0.57982	0.21877
YOLOv5n	18	0.62793	0.23291
YOLOv5n	19	0.6516	0.25548
YOLOv5n	20	0.67493	0.25464
YOLOv5n	21	0.70608	0.26732
YOLOv5n	22	0.70062	0.2823
YOLOv5n	23	0.69166	0.26587
YOLOv5n	24	0.69581	0.27434
YOLOv5n	25	0.70671	0.29401
YOLOv5n	26	0.69301	0.27298
YOLOv5n	27	0.71004	0.2843
YOLOv5n	28	0.73869	0.30275
YOLOv5n	29	0.70461	0.28805
YOLOv5n	30	0.73809	0.31205
YOLOv5n	31	0.74657	0.31698
YOLOv5n	32	0.73379	0.31578
YOLOv5n	33	0.75964	0.33441
YOLOv5n	34	0.72563	0.30579
YOLOv5n	35	0.73957	0.32153
YOLOv5n	36	0.74297	0.3269
YOLOv5n	37	0.7336	0.32339
YOLOv5n	38	0.74238	0.32309
YOLOv5n	39	0.77123	0.34907
YOLOv5n	40	0.75997	0.35118
YOLOv5n	41	0.7654	0.34863
YOLOv5n	42	0.76125	0.34569
YOLOv5n	43	0.76694	0.34489
YOLOv5n	44	0.77257	0.34882
YOLOv5n	45	0.76147	0.33857
YOLOv5n	46	0.76829	0.34738
YOLOv5n	47	0.77877	0.35035
YOLOv5n	48	0.77264	0.35596
YOLOv5n	49	0.77662	0.3628
YOLOv5n	50	0.76011	0.34133
YOLOv5n	51	0.75663	0.34233
YOLOv5n	52	0.77954	0.36418
YOLOv5n	53	0.79123	0.36607
YOLOv5n	54	0.77674	0.36265
YOLOv5n	55	0.79752	0.37304
YOLOv5n	56	0.79171	0.37478
YOLOv5n	57	0.78386	0.37573
YOLOv5n	58	0.78478	0.35992
YOLOv5n	59	0.7749	0.36852
YOLOv5n	60	0.77982	0.37043
YOLOv5n	61	0.77828	0.37468
YOLOv5n	62	0.78321	0.37589
YOLOv5n	63	0.79218	0.37492
YOLOv5n	64	0.80453	0.3869
YOLOv5n	65	0.79255	0.3874
YOLOv5n	66	0.79601	0.38791
YOLOv5n	67	0.79446	0.3771
YOLOv5n	68	0.80114	0.38761
YOLOv5n	69	0.79783	0.38638
YOLOv5n	70	0.78601	0.37918
YOLOv5n	71	0.796	0.3845
YOLOv5n	72	0.79701	0.38684
YOLOv5n	73	0.81017	0.39189
YOLOv5n	74	0.80404	0.38975
YOLOv5n	75	0.79679	0.3906
YOLOv5n	76	0.80906	0.39278
YOLOv5n	77	0.81011	0.3993
YOLOv5n	78	0.79549	0.38883
YOLOv5n	79	0.80263	0.39734
YOLOv5n	80	0.80939	0.39768
YOLOv5n	81	0.80397	0.39873
YOLOv5n	82	0.80522	0.40199
YOLOv5n	83	0.80639	0.40213
YOLOv5n	84	0.79447	0.39319
YOLOv5n	85	0.80113	0.38777
YOLOv5n	86	0.8055	0.39268
YOLOv5n	87	0.7969	0.38792
YOLOv5n	88	0.81794	0.40046
YOLOv5n	89	0.81011	0.40415
YOLOv5n	90	0.81077	0.39981
YOLOv5n	91	0.80893	0.39526
YOLOv5n	92	0.81115	0.40131
YOLOv5n	93	0.80956	0.40197
YOLOv5n	94	0.81325	0.40076
YOLOv5n	95	0.80939	0.40228
YOLOv5n	96	0.8034	0.40179
YOLOv5n	97	0.81065	0.39981
YOLOv5n	98	0.81563	0.40243
YOLOv5n	99	0.81395	0.40285
YOLOv7-tiny	0	0.0003012	4.412e-05
YOLOv7-tiny	1	0.005161	0.0009701
YOLOv7-tiny	2	0.009291	0.001531
YOLOv7-tiny	3	0.03168	0.0057
YOLOv7-tiny	4	0.04233	0.007392
YOLOv7-tiny	5	0.1251	0.02862
YOLOv7-tiny	6	0.1731	0.03989
YOLOv7-tiny	7	0.2714	0.0687
YOLOv7-tiny	8	0.2702	0.07333
YOLOv7-tiny	9	0.3641	0.1113
YOLOv7-tiny	10	0.357	0.09588
YOLOv7-tiny	11	0.399	0.1189
YOLOv7-tiny	12	0.603	0.2026
YOLOv7-tiny	13	0.6493	0.2318
YOLOv7-tiny	14	0.6618	0.242
YOLOv7-tiny	15	0.6894	0.2704
YOLOv7-tiny	16	0.7219	0.2743
YOLOv7-tiny	17	0.713	0.284
YOLOv7-tiny	18	0.745	0.3048
YOLOv7-tiny	19	0.7535	0.3194
YOLOv7-tiny	20	0.7742	0.3265
YOLOv7-tiny	21	0.757	0.3198
YOLOv7-tiny	22	0.7745	0.3279
YOLOv7-tiny	23	0.7794	0.3344
YOLOv7-tiny	24	0.7739	0.3113
YOLOv7-tiny	25	0.8026	0.3381
YOLOv7-tiny	26	0.8136	0.357
YOLOv7-tiny	27	0.8313	0.3716
YOLOv7-tiny	28	0.8255	0.3706
YOLOv7-tiny	29	0.8361	0.3702
YOLOv7-tiny	30	0.8201	0.3675
YOLOv7-tiny	31	0.8262	0.3577
YOLOv7-tiny	32	0.8449	0.3884
YOLOv7-tiny	33	0.8389	0.3743
YOLOv7-tiny	34	0.8483	0.3844
YOLOv7-tiny	35	0.8554	0.397
YOLOv7-tiny	36	0.8522	0.3946
YOLOv7-tiny	37	0.8511	0.3944
YOLOv7-tiny	38	0.8568	0.4033
YOLOv7-tiny	39	0.851	0.4053
YOLOv7-tiny	40	0.8456	0.3972
YOLOv7-tiny	41	0.8654	0.4042
YOLOv7-tiny	42	0.8541	0.392
YOLOv7-tiny	43	0.8638	0.406
YOLOv7-tiny	44	0.8688	0.4097
YOLOv7-tiny	45	0.8676	0.4109
YOLOv7-tiny	46	0.8677	0.4093
YOLOv7-tiny	47	0.882	0.4179
YOLOv7-tiny	48	0.8748	0.4064
YOLOv7-tiny	49	0.8731	0.415
YOLOv7-tiny	50	0.8742	0.4169
YOLOv7-tiny	51	0.8749	0.4212
YOLOv7-tiny	52	0.8733	0.4169
YOLOv7-tiny	53	0.8694	0.4148
YOLOv7-tiny	54	0.8788	0.4189
YOLOv7-tiny	55	0.8823	0.4226
YOLOv7-tiny	56	0.8826	0.4338
YOLOv7-tiny	57	0.8795	0.4282
YOLOv7-tiny	58	0.8771	0.4187
YOLOv7-tiny	59	0.8808	0.4306
YOLOv7-tiny	60	0.8868	0.4328
YOLOv7-tiny	61	0.876	0.4153
YOLOv7-tiny	62	0.8895	0.4393
YOLOv7-tiny	63	0.8888	0.4366
YOLOv7-tiny	64	0.8881	0.4407
YOLOv7-tiny	65	0.8851	0.4443
YOLOv7-tiny	66	0.8937	0.4413
YOLOv7-tiny	67	0.8931	0.4438
YOLOv7-tiny	68	0.8925	0.4374
YOLOv7-tiny	69	0.8854	0.4414
YOLOv7-tiny	70	0.8858	0.4337
YOLOv7-tiny	71	0.8863	0.436
YOLOv7-tiny	72	0.8827	0.439
YOLOv7-tiny	73	0.8867	0.4317
YOLOv7-tiny	74	0.889	0.4395
YOLOv7-tiny	75	0.8956	0.4411
YOLOv7-tiny	76	0.8916	0.444
YOLOv7-tiny	77	0.8932	0.4442
YOLOv7-tiny	78	0.8962	0.4455
YOLOv7-tiny	79	0.8937	0.4474
YOLOv7-tiny	80	0.8934	0.4423
YOLOv7-tiny	81	0.8931	0.4475
YOLOv7-tiny	82	0.8964	0.4463
YOLOv7-tiny	83	0.8968	0.448
YOLOv7-tiny	84	0.8978	0.4542
YOLOv7-tiny	85	0.8974	0.4481
YOLOv7-tiny	86	0.8959	0.4507
YOLOv7-tiny	87	0.8931	0.4471
YOLOv7-tiny	88	0.8914	0.4468
YOLOv7-tiny	89	0.8924	0.4458
YOLOv7-tiny	90	0.8958	0.4473
YOLOv7-tiny	91	0.8965	0.4493
YOLOv7-tiny	92	0.8929	0.4423
YOLOv7-tiny	93	0.8926	0.4429
YOLOv7-tiny	94	0.8918	0.4463
YOLOv7-tiny	95	0.894	0.4449
YOLOv7-tiny	96	0.8961	0.4475
YOLOv7-tiny	97	0.8913	0.4434
YOLOv7-tiny	98	0.8947	0.4467
YOLOv7-tiny	99	0.8931	0.4448
YOLOv8n	1	0.0043	0.00127
YOLOv8n	2	0.0126	0.00422
YOLOv8n	3	0.03965	0.01433
YOLOv8n	4	0.09833	0.03044
YOLOv8n	5	0.21613	0.07544
YOLOv8n	6	0.37006	0.14614
YOLOv8n	7	0.39934	0.16529
YOLOv8n	8	0.52956	0.21968
YOLOv8n	9	0.52064	0.22174
YOLOv8n	10	0.58432	0.24143
YOLOv8n	11	0.61436	0.27281
YOLOv8n	12	0.65377	0.29982
YOLOv8n	13	0.6721	0.30819
YOLOv8n	14	0.68384	0.31098
YOLOv8n	15	0.70322	0.34374
YOLOv8n	16	0.70737	0.3421
YOLOv8n	17	0.72265	0.33771
YOLOv8n	18	0.75692	0.36256
YOLOv8n	19	0.75258	0.36989
YOLOv8n	20	0.76351	0.37987
YOLOv8n	21	0.76912	0.38429
YOLOv8n	22	0.7675	0.3737
YOLOv8n	23	0.77377	0.38011
YOLOv8n	24	0.78402	0.39819
YOLOv8n	25	0.79917	0.40567
YOLOv8n	26	0.78607	0.39934
YOLOv8n	27	0.78148	0.40819
YOLOv8n	28	0.80656	0.40719
YOLOv8n	29	0.79303	0.40178
YOLOv8n	30	0.81113	0.42034
YOLOv8n	31	0.80158	0.41787
YOLOv8n	32	0.81593	0.42488
YOLOv8n	33	0.82104	0.42402
YOLOv8n	34	0.82484	0.43352
YOLOv8n	35	0.81779	0.42202
YOLOv8n	36	0.81951	0.4312
YOLOv8n	37	0.83606	0.43442
YOLOv8n	38	0.82609	0.43045
YOLOv8n	39	0.82239	0.44297
YOLOv8n	40	0.82997	0.43882
YOLOv8n	41	0.82768	0.44195
YOLOv8n	42	0.82184	0.43275
YOLOv8n	43	0.84482	0.44904
YOLOv8n	44	0.82739	0.43078
YOLOv8n	45	0.84849	0.45062
YOLOv8n	46	0.84376	0.44501
YOLOv8n	47	0.84132	0.45017
YOLOv8n	48	0.84715	0.45396
YOLOv8n	49	0.83738	0.42924
YOLOv8n	50	0.84207	0.44493
YOLOv8n	51	0.85223	0.44844
YOLOv8n	52	0.84516	0.45228
YOLOv8n	53	0.8421	0.45432
YOLOv8n	54	0.8439	0.44469
YOLOv8n	55	0.86335	0.45878
YOLOv8n	56	0.85786	0.45357
YOLOv8n	57	0.8449	0.45714
YOLOv8n	58	0.85735	0.45981
YOLOv8n	59	0.86076	0.46092
YOLOv8n	60	0.86522	0.46286
YOLOv8n	61	0.86126	0.46236
YOLOv8n	62	0.84845	0.44941
YOLOv8n	63	0.85652	0.46785
YOLOv8n	64	0.86011	0.46096
YOLOv8n	65	0.85827	0.46989
YOLOv8n	66	0.85687	0.45337
YOLOv8n	67	0.85628	0.46629
YOLOv8n	68	0.85465	0.45723
YOLOv8n	69	0.86492	0.46966
YOLOv8n	70	0.86574	0.47144
YOLOv8n	71	0.86717	0.46962
YOLOv8n	72	0.85746	0.46709
YOLOv8n	73	0.86398	0.47078
YOLOv8n	74	0.85816	0.47182
YOLOv8n	75	0.87604	0.47742
YOLOv8n	76	0.87964	0.48332
YOLOv8n	77	0.86571	0.47636
YOLOv8n	78	0.87094	0.47603
YOLOv8n	79	0.87368	0.47908
YOLOv8n	80	0.86765	0.47616
YOLOv8n	81	0.86276	0.47545
YOLOv8n	82	0.86569	0.47499
YOLOv8n	83	0.87695	0.47578
YOLOv8n	84	0.87098	0.47524
YOLOv8n	85	0.87267	0.472
YOLOv8n	86	0.86791	0.47147
YOLOv8n	87	0.87359	0.47082
YOLOv8n	88	0.87995	0.47384
YOLOv8n	89	0.8805	0.47939
YOLOv8n	90	0.87795	0.47736
YOLOv8n	91	0.87563	0.47941
YOLOv8n	92	0.88003	0.47581
YOLOv8n	93	0.88046	0.48156
YOLOv8n	94	0.87373	0.48037
YOLOv8n	95	0.87514	0.47993
YOLOv8n	96	0.87456	0.4813
YOLOv8n	97	0.87837	0.48265
YOLOv8n	98	0.8736	0.47947
YOLOv8n	99	0.88138	0.48333
YOLOv8n	100	0.87898	0.48597
YOLOv10n	1	0.00974	0.00318
YOLOv10n	2	0.00526	0.00151
YOLOv10n	3	0.02571	0.0067
YOLOv10n	4	0.1089	0.03385
YOLOv10n	5	0.12427	0.03823
YOLOv10n	6	0.23498	0.08107
YOLOv10n	7	0.25453	0.09269
YOLOv10n	8	0.32343	0.11626
YOLOv10n	9	0.32221	0.13112
YOLOv10n	10	0.39656	0.15242
YOLOv10n	11	0.44979	0.18864
YOLOv10n	12	0.44027	0.18911
YOLOv10n	13	0.44219	0.17243
YOLOv10n	14	0.47987	0.20448
YOLOv10n	15	0.53705	0.24162
YOLOv10n	16	0.54711	0.24659
YOLOv10n	17	0.59075	0.26921
YOLOv10n	18	0.60694	0.27863
YOLOv10n	19	0.61066	0.29359
YOLOv10n	20	0.63388	0.30559
YOLOv10n	21	0.62552	0.29844
YOLOv10n	22	0.65014	0.32153
YOLOv10n	23	0.66971	0.32206
YOLOv10n	24	0.65702	0.31648
YOLOv10n	25	0.67732	0.33651
YOLOv10n	26	0.68154	0.3358
YOLOv10n	27	0.6825	0.34308
YOLOv10n	28	0.71371	0.36072
YOLOv10n	29	0.7103	0.355
YOLOv10n	30	0.70203	0.36547
YOLOv10n	31	0.73841	0.3639
YOLOv10n	32	0.74402	0.37519
YOLOv10n	33	0.72721	0.35602
YOLOv10n	34	0.75423	0.38253
YOLOv10n	35	0.75045	0.38543
YOLOv10n	36	0.74225	0.37594
YOLOv10n	37	0.77364	0.39428
YOLOv10n	38	0.7494	0.37991
YOLOv10n	39	0.77861	0.39856
YOLOv10n	40	0.7628	0.3875
YOLOv10n	41	0.78341	0.4117
YOLOv10n	42	0.77884	0.39978
YOLOv10n	43	0.78484	0.41476
YOLOv10n	44	0.78877	0.40682
YOLOv10n	45	0.78654	0.41101
YOLOv10n	46	0.78889	0.40708
YOLOv10n	47	0.809	0.42557
YOLOv10n	48	0.78813	0.41489
YOLOv10n	49	0.8012	0.41518
YOLOv10n	50	0.80523	0.41714
YOLOv10n	51	0.79716	0.41335
YOLOv10n	52	0.80859	0.41868
YOLOv10n	53	0.80459	0.42291
YOLOv10n	54	0.81729	0.43853
YOLOv10n	55	0.81659	0.43699
YOLOv10n	56	0.80465	0.40844
YOLOv10n	57	0.81265	0.43057
YOLOv10n	58	0.82904	0.42637
YOLOv10n	59	0.82123	0.42932
YOLOv10n	60	0.81662	0.43157
YOLOv10n	61	0.81779	0.43187
YOLOv10n	62	0.82226	0.43017
YOLOv10n	63	0.83748	0.44795
YOLOv10n	64	0.82754	0.44247
YOLOv10n	65	0.8235	0.43709
YOLOv10n	66	0.8148	0.43649
YOLOv10n	67	0.82592	0.43477
YOLOv10n	68	0.82768	0.44408
YOLOv10n	69	0.829	0.438
YOLOv10n	70	0.83104	0.44286
YOLOv10n	71	0.83837	0.44256
YOLOv10n	72	0.82805	0.44068
YOLOv10n	73	0.84535	0.45502
YOLOv10n	74	0.84046	0.45365
YOLOv10n	75	0.84476	0.45672
YOLOv10n	76	0.83952	0.45533
YOLOv10n	77	0.84142	0.45301
YOLOv10n	78	0.83437	0.44891
YOLOv10n	79	0.84171	0.45257
YOLOv10n	80	0.84217	0.44692
YOLOv10n	81	0.84576	0.45669
YOLOv10n	82	0.8411	0.45244
YOLOv10n	83	0.85333	0.45917
YOLOv10n	84	0.85027	0.45588
YOLOv10n	85	0.85426	0.454
YOLOv10n	86	0.85037	0.45615
YOLOv10n	87	0.84637	0.45287
YOLOv10n	88	0.84613	0.45081
YOLOv10n	89	0.84576	0.4521
YOLOv10n	90	0.85401	0.45607
YOLOv10n	91	0.84888	0.45756
YOLOv10n	92	0.85332	0.45949
YOLOv10n	93	0.85155	0.46133
YOLOv10n	94	0.84648	0.45859
YOLOv10n	95	0.85496	0.45989
YOLOv10n	96	0.86021	0.4671
YOLOv10n	97	0.86454	0.47064
YOLOv10n	98	0.86023	0.46644
YOLOv10n	99	0.85978	0.46765
YOLOv10n	100	0.85863	0.46496
YOLO26n	1	7e-05	1e-05
YOLO26n	2	0.00128	0.00026
YOLO26n	3	0.00047	0.00011
YOLO26n	4	0.00847	0.00165
YOLO26n	5	0.08398	0.01989
YOLO26n	6	0.17916	0.05265
YOLO26n	7	0.21152	0.0701
YOLO26n	8	0.30856	0.10102
YOLO26n	9	0.32114	0.11956
YOLO26n	10	0.3766	0.13726
YOLO26n	11	0.41581	0.14967
YOLO26n	12	0.40306	0.16773
YOLO26n	13	0.49662	0.19921
YOLO26n	14	0.47883	0.19415
YOLO26n	15	0.47831	0.19421
YOLO26n	16	0.536	0.23815
YOLO26n	17	0.56434	0.24781
YOLO26n	18	0.56884	0.25835
YOLO26n	19	0.63551	0.28034
YOLO26n	20	0.58723	0.25982
YOLO26n	21	0.6229	0.27404
YOLO26n	22	0.64758	0.3008
YOLO26n	23	0.6507	0.29358
YOLO26n	24	0.68449	0.31241
YOLO26n	25	0.67254	0.31076
YOLO26n	26	0.66855	0.30264
YOLO26n	27	0.68706	0.32249
YOLO26n	28	0.70322	0.33394
YOLO26n	29	0.70809	0.33242
YOLO26n	30	0.70746	0.33628
YOLO26n	31	0.71369	0.34245
YOLO26n	32	0.73402	0.34706
YOLO26n	33	0.71674	0.33777
YOLO26n	34	0.71784	0.34789
YOLO26n	35	0.74149	0.35249
YOLO26n	36	0.76175	0.36295
YOLO26n	37	0.74098	0.35742
YOLO26n	38	0.75448	0.36933
YOLO26n	39	0.74771	0.3625
YOLO26n	40	0.77028	0.36935
YOLO26n	41	0.74872	0.35325
YOLO26n	42	0.76718	0.37183
YOLO26n	43	0.7842	0.38725
YOLO26n	44	0.77146	0.36906
YOLO26n	45	0.77675	0.38241
YOLO26n	46	0.78043	0.38712
YOLO26n	47	0.78581	0.38498
YOLO26n	48	0.78619	0.39453
YOLO26n	49	0.78858	0.38689
YOLO26n	50	0.78076	0.38891
YOLO26n	51	0.8071	0.39636
YOLO26n	52	0.8036	0.39162
YOLO26n	53	0.79947	0.39776
YOLO26n	54	0.81058	0.40705
YOLO26n	55	0.80163	0.40059
YOLO26n	56	0.81336	0.40768
YOLO26n	57	0.81981	0.41496
YOLO26n	58	0.81314	0.40737
YOLO26n	59	0.81281	0.41332
YOLO26n	60	0.82412	0.42012
YOLO26n	61	0.82631	0.4152
YOLO26n	62	0.83062	0.43013
YOLO26n	63	0.81724	0.41209
YOLO26n	64	0.82424	0.42226
YOLO26n	65	0.8308	0.4216
YOLO26n	66	0.82643	0.42531
YOLO26n	67	0.82673	0.42167
YOLO26n	68	0.82812	0.41845
YOLO26n	69	0.83783	0.42795
YOLO26n	70	0.83038	0.42346
YOLO26n	71	0.83758	0.43104
YOLO26n	72	0.84128	0.43679
YOLO26n	73	0.84409	0.44019
YOLO26n	74	0.83909	0.43271
YOLO26n	75	0.84569	0.43819
YOLO26n	76	0.83928	0.43726
YOLO26n	77	0.84176	0.4411
YOLO26n	78	0.8437	0.44269
YOLO26n	79	0.84088	0.43758
YOLO26n	80	0.8523	0.44107
YOLO26n	81	0.8421	0.43508
YOLO26n	82	0.85815	0.44685
YOLO26n	83	0.84731	0.43707
YOLO26n	84	0.85526	0.44058
YOLO26n	85	0.85366	0.45088
YOLO26n	86	0.84675	0.42935
YOLO26n	87	0.85249	0.43842
YOLO26n	88	0.84772	0.4339
YOLO26n	89	0.85501	0.45064
YOLO26n	90	0.85798	0.44943
YOLO26n	91	0.853	0.4513
YOLO26n	92	0.8629	0.45108
YOLO26n	93	0.86214	0.45334
YOLO26n	94	0.86049	0.44976
YOLO26n	95	0.86016	0.45112
YOLO26n	96	0.86409	0.45898
YOLO26n	97	0.86469	0.4582
YOLO26n	98	0.86267	0.4557
YOLO26n	99	0.86403	0.45464
YOLO26n	100	0.86769	0.45877
YOLOX-Tiny	2	0.001	0
YOLOX-Tiny	3	0.01	0.002
YOLOX-Tiny	4	0.003	0.001
YOLOX-Tiny	5	0.129	0.033
YOLOX-Tiny	6	0.167	0.043
YOLOX-Tiny	7	0.311	0.099
YOLOX-Tiny	8	0.387	0.12
YOLOX-Tiny	9	0.441	0.159
YOLOX-Tiny	10	0.495	0.184
YOLOX-Tiny	11	0.526	0.194
YOLOX-Tiny	12	0.516	0.199
YOLOX-Tiny	13	0.544	0.208
YOLOX-Tiny	14	0.601	0.243
YOLOX-Tiny	15	0.612	0.24
YOLOX-Tiny	16	0.566	0.221
YOLOX-Tiny	17	0.66	0.267
YOLOX-Tiny	18	0.69	0.292
YOLOX-Tiny	19	0.655	0.263
YOLOX-Tiny	20	0.698	0.3
YOLOX-Tiny	21	0.694	0.309
YOLOX-Tiny	22	0.719	0.302
YOLOX-Tiny	23	0.679	0.291
YOLOX-Tiny	24	0.733	0.328
YOLOX-Tiny	25	0.713	0.312
YOLOX-Tiny	26	0.728	0.315
YOLOX-Tiny	27	0.756	0.344
YOLOX-Tiny	28	0.754	0.345
YOLOX-Tiny	29	0.77	0.349
YOLOX-Tiny	30	0.773	0.354
YOLOX-Tiny	31	0.742	0.33
YOLOX-Tiny	32	0.775	0.353
YOLOX-Tiny	33	0.785	0.36
YOLOX-Tiny	34	0.789	0.366
YOLOX-Tiny	35	0.789	0.362
YOLOX-Tiny	36	0.8	0.38
YOLOX-Tiny	37	0.796	0.377
YOLOX-Tiny	38	0.8	0.367
YOLOX-Tiny	39	0.812	0.39
YOLOX-Tiny	40	0.806	0.387
YOLOX-Tiny	41	0.8	0.376
YOLOX-Tiny	42	0.812	0.392
YOLOX-Tiny	43	0.814	0.393
YOLOX-Tiny	44	0.816	0.4
YOLOX-Tiny	45	0.826	0.4
YOLOX-Tiny	46	0.824	0.391
YOLOX-Tiny	47	0.836	0.408
YOLOX-Tiny	48	0.837	0.41
YOLOX-Tiny	49	0.829	0.408
YOLOX-Tiny	50	0.838	0.415
YOLOX-Tiny	51	0.84	0.414
YOLOX-Tiny	52	0.838	0.414
YOLOX-Tiny	53	0.838	0.415
YOLOX-Tiny	54	0.837	0.415
YOLOX-Tiny	55	0.842	0.419
YOLOX-Tiny	56	0.845	0.42
YOLOX-Tiny	57	0.843	0.42
YOLOX-Tiny	58	0.845	0.423
YOLOX-Tiny	59	0.843	0.416
YOLOX-Tiny	60	0.845	0.425
YOLOX-Tiny	61	0.844	0.423
YOLOX-Tiny	62	0.845	0.423
YOLOX-Tiny	63	0.848	0.425
YOLOX-Tiny	64	0.853	0.432
YOLOX-Tiny	65	0.855	0.432
YOLOX-Tiny	66	0.85	0.428
YOLOX-Tiny	67	0.857	0.432
YOLOX-Tiny	68	0.858	0.435
YOLOX-Tiny	69	0.859	0.433
YOLOX-Tiny	70	0.854	0.432
YOLOX-Tiny	71	0.853	0.433
YOLOX-Tiny	72	0.857	0.437
YOLOX-Tiny	73	0.859	0.438
YOLOX-Tiny	74	0.857	0.439
YOLOX-Tiny	75	0.859	0.436
YOLOX-Tiny	76	0.864	0.44
YOLOX-Tiny	77	0.861	0.437
YOLOX-Tiny	78	0.861	0.439
YOLOX-Tiny	79	0.862	0.442
YOLOX-Tiny	80	0.863	0.44
YOLOX-Tiny	81	0.864	0.442
YOLOX-Tiny	82	0.863	0.44
YOLOX-Tiny	83	0.86	0.44
YOLOX-Tiny	84	0.862	0.439
YOLOX-Tiny	85	0.864	0.444
YOLOX-Tiny	86	0.863	0.447
YOLOX-Tiny	87	0.864	0.449
YOLOX-Tiny	88	0.865	0.45
YOLOX-Tiny	89	0.863	0.449
YOLOX-Tiny	90	0.867	0.45
YOLOX-Tiny	91	0.868	0.452
YOLOX-Tiny	92	0.869	0.452
YOLOX-Tiny	93	0.869	0.455
YOLOX-Tiny	94	0.869	0.453
YOLOX-Tiny	95	0.868	0.454
YOLOX-Tiny	96	0.869	0.455
YOLOX-Tiny	97	0.871	0.456
YOLOX-Tiny	98	0.872	0.455
YOLOX-Tiny	99	0.874	0.457
YOLOX-Tiny	100	0.874	0.457
RTMDet-tiny	10	0.031	0.008
RTMDet-tiny	20	0.14	0.052
RTMDet-tiny	30	0.279	0.114
RTMDet-tiny	40	0.398	0.177
RTMDet-tiny	50	0.447	0.201
RTMDet-tiny	60	0.538	0.252
RTMDet-tiny	70	0.587	0.278
RTMDet-tiny	80	0.634	0.297
RTMDet-tiny	84	0.643	0.3
RTMDet-tiny	85	0.645	0.302
RTMDet-tiny	86	0.646	0.302
RTMDet-tiny	87	0.654	0.303
RTMDet-tiny	88	0.656	0.304
RTMDet-tiny	89	0.656	0.306
RTMDet-tiny	90	0.659	0.307
RTMDet-tiny	91	0.66	0.308
RTMDet-tiny	92	0.661	0.308
RTMDet-tiny	93	0.662	0.31
RTMDet-tiny	94	0.663	0.312
RTMDet-tiny	95	0.665	0.313
RTMDet-tiny	96	0.667	0.313
RTMDet-tiny	97	0.668	0.315
RTMDet-tiny	98	0.667	0.315
RTMDet-tiny	99	0.666	0.315
RTMDet-tiny	100	0.667	0.316
D-FINE-N	0	0.00226585452	0.000363023486
D-FINE-N	1	0.0184222287	0.00452351763
D-FINE-N	2	0.0392355577	0.0120245639
D-FINE-N	3	0.0309295657	0.00986904914
D-FINE-N	4	0.0444660216	0.0163950882
D-FINE-N	5	0.0291690079	0.00932740999
D-FINE-N	6	0.0599599233	0.0240310307
D-FINE-N	7	0.0772545803	0.029101161
D-FINE-N	8	0.106381671	0.0429616877
D-FINE-N	9	0.174297151	0.0646031846
D-FINE-N	10	0.218556389	0.0740327657
D-FINE-N	11	0.210139516	0.0752728265
D-FINE-N	12	0.286775198	0.102172737
D-FINE-N	13	0.308534829	0.118661294
D-FINE-N	14	0.364451069	0.143379845
D-FINE-N	15	0.394475612	0.163740785
D-FINE-N	16	0.405234067	0.164291812
D-FINE-N	17	0.453212129	0.190237632
D-FINE-N	18	0.480069595	0.208864462
D-FINE-N	19	0.52134397	0.228685391
D-FINE-N	20	0.520550349	0.236581263
D-FINE-N	21	0.509369593	0.231403713
D-FINE-N	22	0.561335869	0.258311139
D-FINE-N	23	0.552649528	0.269977626
D-FINE-N	24	0.572996136	0.281530611
D-FINE-N	25	0.594407255	0.286376002
D-FINE-N	26	0.584196499	0.287286228
D-FINE-N	27	0.60559682	0.299280568
D-FINE-N	28	0.616225328	0.296470162
D-FINE-N	29	0.626980234	0.310212022
D-FINE-N	30	0.641698105	0.316248648
D-FINE-N	31	0.641273211	0.319088106
D-FINE-N	32	0.650438245	0.329194771
D-FINE-N	33	0.655208799	0.339082702
D-FINE-N	34	0.664720188	0.335731041
D-FINE-N	35	0.670381543	0.348369126
D-FINE-N	36	0.673533799	0.345737663
D-FINE-N	37	0.683182415	0.357345394
D-FINE-N	38	0.691553355	0.356837016
D-FINE-N	39	0.703152815	0.361160286
D-FINE-N	40	0.704739036	0.360720863
D-FINE-N	41	0.70807369	0.37292622
D-FINE-N	42	0.716526403	0.376890699
D-FINE-N	43	0.708875915	0.376424491
D-FINE-N	44	0.715845462	0.377526302
D-FINE-N	45	0.720328999	0.38131466
D-FINE-N	46	0.72831164	0.391680184
D-FINE-N	47	0.738868707	0.396016494
D-FINE-N	48	0.738725512	0.396186944
D-FINE-N	49	0.747862303	0.400608835
D-FINE-N	50	0.743505089	0.399681096
D-FINE-N	51	0.751257086	0.405904267
D-FINE-N	52	0.751315514	0.409145542
D-FINE-N	53	0.756562413	0.413317543
D-FINE-N	54	0.761825672	0.412669287
D-FINE-N	55	0.762096189	0.417503883
D-FINE-N	56	0.764279064	0.417823723
D-FINE-N	57	0.761533233	0.419096646
D-FINE-N	58	0.758432663	0.419503835
D-FINE-N	59	0.760768908	0.420385677
D-FINE-N	60	0.764396521	0.420529214
D-FINE-N	61	0.764881006	0.421938737
D-FINE-N	62	0.767345573	0.421729522
D-FINE-N	63	0.771715229	0.424597631
D-FINE-N	64	0.777876471	0.427422415
D-FINE-N	65	0.782193985	0.431777437
D-FINE-N	66	0.784058134	0.433169863
D-FINE-N	67	0.785198603	0.436520478
D-FINE-N	68	0.785514319	0.436664355
D-FINE-N	69	0.785831005	0.438170054
D-FINE-N	70	0.788243503	0.440036608
D-FINE-N	71	0.789925152	0.441384628
D-FINE-N	72	0.790478523	0.443240354
D-FINE-N	73	0.794665373	0.444560467
D-FINE-N	74	0.796571148	0.445523298
D-FINE-N	75	0.796502881	0.445011972
D-FINE-N	76	0.801357424	0.447677894
D-FINE-N	77	0.802195132	0.447860645
D-FINE-N	78	0.800453267	0.447821153
D-FINE-N	79	0.801047008	0.448779481
D-FINE-N	80	0.799003741	0.449467383
D-FINE-N	81	0.799948365	0.45082517
D-FINE-N	82	0.801215746	0.451693367
D-FINE-N	83	0.802442483	0.452476888
D-FINE-N	84	0.801344018	0.452231788
D-FINE-N	85	0.801927963	0.451705577
D-FINE-N	86	0.804096599	0.452595471
D-FINE-N	87	0.804887967	0.45280995
D-FINE-N	88	0.806244778	0.45284205
D-FINE-N	89	0.805286959	0.454432027
D-FINE-N	90	0.804727627	0.454833401
D-FINE-N	91	0.805713184	0.454240515
D-FINE-N	92	0.802555683	0.451987538
D-FINE-N	93	0.804742481	0.454378127
D-FINE-N	94	0.805459241	0.454417721
D-FINE-N	95	0.800242164	0.451962919
D-FINE-N	96	0.802952903	0.452578
D-FINE-N	97	0.804512997	0.452935109
D-FINE-N	98	0.803441019	0.452026019
D-FINE-N	99	0.802977713	0.452782097
PP-PicoDet-L	1	0.015	0.004
PP-PicoDet-L	2	0.026	0.009
PP-PicoDet-L	3	0.067	0.023
PP-PicoDet-L	4	0.114	0.037
PP-PicoDet-L	5	0.147	0.054
PP-PicoDet-L	6	0.18	0.065
PP-PicoDet-L	7	0.209	0.078
PP-PicoDet-L	8	0.249	0.091
PP-PicoDet-L	9	0.275	0.105
PP-PicoDet-L	10	0.302	0.114
PP-PicoDet-L	11	0.327	0.129
PP-PicoDet-L	12	0.344	0.139
PP-PicoDet-L	13	0.363	0.151
PP-PicoDet-L	14	0.385	0.164
PP-PicoDet-L	15	0.398	0.17
PP-PicoDet-L	16	0.408	0.177
PP-PicoDet-L	17	0.422	0.186
PP-PicoDet-L	18	0.439	0.195
PP-PicoDet-L	19	0.448	0.202
PP-PicoDet-L	20	0.458	0.209
PP-PicoDet-L	21	0.467	0.212
PP-PicoDet-L	22	0.475	0.218
PP-PicoDet-L	23	0.48	0.221
PP-PicoDet-L	24	0.486	0.225
PP-PicoDet-L	25	0.494	0.23
PP-PicoDet-L	26	0.504	0.235
PP-PicoDet-L	27	0.508	0.239
PP-PicoDet-L	28	0.513	0.244
PP-PicoDet-L	29	0.52	0.246
PP-PicoDet-L	30	0.526	0.248
PP-PicoDet-L	31	0.533	0.25
PP-PicoDet-L	32	0.537	0.252
PP-PicoDet-L	33	0.539	0.254
PP-PicoDet-L	34	0.543	0.256
PP-PicoDet-L	35	0.548	0.258
PP-PicoDet-L	36	0.548	0.261
PP-PicoDet-L	37	0.552	0.264
PP-PicoDet-L	38	0.556	0.265
PP-PicoDet-L	39	0.561	0.267
PP-PicoDet-L	40	0.564	0.268
PP-PicoDet-L	41	0.565	0.271
PP-PicoDet-L	42	0.572	0.272
PP-PicoDet-L	43	0.573	0.273
PP-PicoDet-L	44	0.574	0.274
PP-PicoDet-L	45	0.573	0.276
PP-PicoDet-L	46	0.573	0.276
PP-PicoDet-L	47	0.575	0.277
PP-PicoDet-L	48	0.577	0.278
PP-PicoDet-L	49	0.577	0.28
PP-PicoDet-L	50	0.581	0.281
PP-PicoDet-L	51	0.584	0.282
PP-PicoDet-L	52	0.584	0.283
PP-PicoDet-L	53	0.588	0.285
PP-PicoDet-L	54	0.589	0.287
PP-PicoDet-L	55	0.591	0.289
PP-PicoDet-L	56	0.594	0.291
PP-PicoDet-L	57	0.596	0.292
PP-PicoDet-L	58	0.596	0.292
PP-PicoDet-L	59	0.598	0.293
PP-PicoDet-L	60	0.599	0.293
PP-PicoDet-L	61	0.596	0.292
PP-PicoDet-L	62	0.597	0.293
PP-PicoDet-L	63	0.598	0.293
PP-PicoDet-L	64	0.599	0.293
PP-PicoDet-L	65	0.601	0.293
PP-PicoDet-L	66	0.6	0.295
PP-PicoDet-L	67	0.604	0.297
PP-PicoDet-L	68	0.603	0.296
PP-PicoDet-L	69	0.602	0.297
PP-PicoDet-L	70	0.602	0.297
PP-PicoDet-L	71	0.603	0.298
PP-PicoDet-L	72	0.603	0.297
PP-PicoDet-L	73	0.603	0.298
PP-PicoDet-L	74	0.602	0.298
PP-PicoDet-L	75	0.604	0.299
PP-PicoDet-L	76	0.604	0.299
PP-PicoDet-L	77	0.606	0.299
PP-PicoDet-L	78	0.604	0.298
PP-PicoDet-L	79	0.605	0.299
PP-PicoDet-L	80	0.603	0.3
PP-PicoDet-L	81	0.605	0.3
PP-PicoDet-L	82	0.606	0.3
PP-PicoDet-L	83	0.606	0.3
PP-PicoDet-L	84	0.604	0.301
PP-PicoDet-L	85	0.604	0.301
PP-PicoDet-L	86	0.604	0.301
PP-PicoDet-L	87	0.605	0.301
PP-PicoDet-L	88	0.605	0.301
PP-PicoDet-L	89	0.606	0.302
PP-PicoDet-L	90	0.606	0.303
PP-PicoDet-L	91	0.605	0.302
PP-PicoDet-L	92	0.605	0.302
PP-PicoDet-L	93	0.605	0.302
PP-PicoDet-L	94	0.605	0.302
PP-PicoDet-L	95	0.605	0.302
PP-PicoDet-L	96	0.605	0.302
PP-PicoDet-L	97	0.604	0.301
PP-PicoDet-L	98	0.604	0.302
PP-PicoDet-L	99	0.604	0.302
PP-PicoDet-L	100	0.604	0.301
SMFR-YOLO	1	0.00349	0.00105
SMFR-YOLO	2	0.02641	0.00902
SMFR-YOLO	3	0.0508	0.01624
SMFR-YOLO	4	0.08526	0.02566
SMFR-YOLO	5	0.19729	0.06438
SMFR-YOLO	6	0.35968	0.12972
SMFR-YOLO	7	0.34294	0.13178
SMFR-YOLO	8	0.4902	0.20091
SMFR-YOLO	9	0.54028	0.2247
SMFR-YOLO	10	0.55235	0.2408
SMFR-YOLO	11	0.62444	0.28654
SMFR-YOLO	12	0.65448	0.30126
SMFR-YOLO	13	0.63377	0.28965
SMFR-YOLO	14	0.67504	0.30788
SMFR-YOLO	15	0.67664	0.32354
SMFR-YOLO	16	0.70484	0.31007
SMFR-YOLO	17	0.69938	0.32365
SMFR-YOLO	18	0.75655	0.36732
SMFR-YOLO	19	0.74438	0.35998
SMFR-YOLO	20	0.73216	0.35468
SMFR-YOLO	21	0.77229	0.38084
SMFR-YOLO	22	0.77289	0.38687
SMFR-YOLO	23	0.76352	0.38199
SMFR-YOLO	24	0.77022	0.37535
SMFR-YOLO	25	0.79211	0.3895
SMFR-YOLO	26	0.7931	0.39438
SMFR-YOLO	27	0.77176	0.39041
SMFR-YOLO	28	0.81332	0.41034
SMFR-YOLO	29	0.79814	0.40265
SMFR-YOLO	30	0.81799	0.41503
SMFR-YOLO	31	0.82413	0.42245
SMFR-YOLO	32	0.83161	0.43115
SMFR-YOLO	33	0.81929	0.41933
SMFR-YOLO	34	0.83009	0.43605
SMFR-YOLO	35	0.83812	0.42183
SMFR-YOLO	36	0.8267	0.42227
SMFR-YOLO	37	0.84063	0.4273
SMFR-YOLO	38	0.82649	0.43273
SMFR-YOLO	39	0.84499	0.44238
SMFR-YOLO	40	0.8464	0.43739
SMFR-YOLO	41	0.85123	0.43855
SMFR-YOLO	42	0.84024	0.43334
SMFR-YOLO	43	0.83968	0.44712
SMFR-YOLO	44	0.83997	0.43814
SMFR-YOLO	45	0.86393	0.45203
SMFR-YOLO	46	0.85702	0.44981
SMFR-YOLO	47	0.86436	0.45461
SMFR-YOLO	48	0.86398	0.46341
SMFR-YOLO	49	0.86443	0.44416
SMFR-YOLO	50	0.85086	0.44046
SMFR-YOLO	51	0.86482	0.45617
SMFR-YOLO	52	0.86134	0.45542
SMFR-YOLO	53	0.87099	0.46088
SMFR-YOLO	54	0.87535	0.46421
SMFR-YOLO	55	0.87375	0.46447
SMFR-YOLO	56	0.87225	0.45868
SMFR-YOLO	57	0.87246	0.46881
SMFR-YOLO	58	0.8756	0.47574
SMFR-YOLO	59	0.87979	0.4714
SMFR-YOLO	60	0.86939	0.4586
SMFR-YOLO	61	0.88779	0.48457
SMFR-YOLO	62	0.87963	0.46502
SMFR-YOLO	63	0.87343	0.4704
SMFR-YOLO	64	0.87238	0.46419
SMFR-YOLO	65	0.88535	0.48172
SMFR-YOLO	66	0.87221	0.46753
SMFR-YOLO	67	0.88193	0.47895
SMFR-YOLO	68	0.8837	0.47332
SMFR-YOLO	69	0.88082	0.47885
SMFR-YOLO	70	0.88651	0.48406
SMFR-YOLO	71	0.89428	0.48706
SMFR-YOLO	72	0.89233	0.47986
SMFR-YOLO	73	0.88789	0.48666
SMFR-YOLO	74	0.88608	0.48588
SMFR-YOLO	75	0.88669	0.48495
SMFR-YOLO	76	0.89572	0.49095
SMFR-YOLO	77	0.88895	0.48296
SMFR-YOLO	78	0.89526	0.49206
SMFR-YOLO	79	0.88783	0.48448
SMFR-YOLO	80	0.8823	0.4738
SMFR-YOLO	81	0.89033	0.49051
SMFR-YOLO	82	0.89486	0.48964
SMFR-YOLO	83	0.89525	0.4937
SMFR-YOLO	84	0.8963	0.49169
SMFR-YOLO	85	0.89669	0.48368
SMFR-YOLO	86	0.89632	0.4892
SMFR-YOLO	87	0.88727	0.48207
SMFR-YOLO	88	0.89327	0.48813
SMFR-YOLO	89	0.89463	0.49341
SMFR-YOLO	90	0.89283	0.49198
SMFR-YOLO	91	0.89625	0.492
SMFR-YOLO	92	0.89554	0.49295
SMFR-YOLO	93	0.89992	0.49675
SMFR-YOLO	94	0.89544	0.50132
SMFR-YOLO	95	0.90179	0.50297
SMFR-YOLO	96	0.90192	0.49785
SMFR-YOLO	97	0.90448	0.49912
SMFR-YOLO	98	0.90233	0.49783
SMFR-YOLO	99	0.9053	0.50293
SMFR-YOLO	100	0.9046	0.50154
