model	trt_qps	mean_latency_ms	e2e_mean_ms	mean_enqueue_ms	gpu_compute_ms	deepstream_fps_interval_0	deepstream_fps_interval_2
YOLOv5n	32.1159	31.116	31.137	5.3294	30.54	29.85	60.01
YOLOv7-tiny	19.4209	51.477	51.49	5.2346	50.903	18.16	49.34
YOLOv8n	21.1117	47.347	47.367	7.5478	46.827	19.87	53.91
YOLOv10n	18.6707	53.546	53.559	10.5805	53.028	17.62	48.28
YOLO26n	22.2436	44.943	44.956	10.163	44.428	20.78	56.07
YOLOX-Tiny	14.8998	67.101	67.114	7.1379	66.575	14.14	39.46
RTMDet-tiny	12.4527	80.289	80.303	7.7295	79.766	12.23	34.46
D-FINE-N	10.6688	92.96	93.731	28.8407	92.452	10.4	29.52
SMFR-YOLO	16.5416	59.788	60.453	12.1967	59.275	15.79	42.76
